url,text
https://liputan6.com/read/5110503,"Liputan6.com, Jakarta - Kapolri Jenderal Listyo Sigit Prabowo mengaku kerap menerima laporan dari masyarakat yang menyebut banyak jajaran Kapolres hingga Kapolda tidak melayani laporan maupun aduan masyarakat dengan baik. ""Saya sampai saat ini masih menerima banyak laporan, laporan saya terima karena tidak dilayani baik oleh Kapolres, tidak dilayani dengan baik oleh Kapolda,"" kata Kapolri Sigit dikutip melalui akun instagram @listyosigitprabowo, Jumat (28/10/2022). Akibatnya, kata Sigit, banyak dari masyarakat yang lantas mengadukan langsung kepada dirinya agar bisa dilayani dengan baik. Karena itu, Kapolri meminta jajarannya untuk mencontoh pelayanan darinya, bahkan harus lebih baik.  Baca Juga  ""Sehingga mau tidak mau mereka lapor ke Kapolri dan saya terima. Jadi kalau saya masih mau seperti itu tentunya harapan saya teman-teman juga melakukan hal tersebut melebihi,"" tuturnya. Instruksi ini disampaikan Sigit agar seluruh jajaran Polri bisa memberikan pelayanan kepada masyarakat secara maksimal. Karena mereka yang sehari-hari berhadapan dengan masyarakat secara langsung di lapangan. Kapolri menyampaikan, salah satu cara memberikan pelayanan baik adalah menindaklanjuti setiap laporan masyarakat yang masuk dengan komunikasi yang baik. ""Sehingga tentunya tidak semuanya kita lakukan, tapi terkait dengan kesulitan-kesulitan tersebut dikomunikasikan. Sehingga kemudian masyarakat bisa memahami dan saling mengerti, dan kemudian kita bisa saling melengkapi,"" ujarnya. Semisal, terkait dengan adanya laporan dari masyarakat yang setelah masuk proses ternyata alat bukti tidak cukup untuk kasus dinaikan ke tahap penyidikan. Hal itu harus dijelaskan kepada pelapor, agar memahami prosedur sebenarnya.  ""Jelaskan jangan kemudian malah ditinggal pergi. Ditelpon telponnya di rijek, di telpon telponnya diangkat kita marah- marah jadi hal-hal seperti itu tolong dihilangkan. Jadi biasakan untuk rekan –rekan jangan menghindar dari hal-hal tersebut,"" ujarnya. Semisal, terkait dengan adanya laporan dari masyarakat yang setelah masuk proses ternyata alat bukti tidak cukup untuk kasus dinaikkan ke tahap penyidikan. Hal itu harus dijelaskan kepada pelapor, agar memahami prosedur sebenarnya.  ""Jelaskan jangan kemudian malah ditinggal pergi. Ditelepon teleponnya di-reject, ditelepon teleponnya diangkat kita marah-marah jadi hal-hal seperti itu tolong dihilangkan. Jadi biasakan untuk rekan–rekan jangan menghindar dari hal-hal tersebut,"" ujarnya. Kapolri Jenderal, Listyo Sigit Prabowo meminta para anggota Polri untuk berhenti memamerkan gaya hidup mewah demi menjaga nama baik institusi, Senin (24/10/2022). Sebelumnya, Kapolri Jenderal Listyo Sigit Prabowo memerintahkan kepada jajarannya untuk melayani laporan masyarakat dengan benar. Termasuk saat masyarakat ingin menanyakan tindak lanjut dari laporan yang telah masuk. ""Ditelepon, teleponnya di-reject. Ditelepon, diangkat, kita marah-marah. Kesan pelapor terhadap kita menjadi semakin negatif. Jadi kalau bahasa gaulnya itu jangan ghosting,"" kata Sigit dikutip melalui akun instagram @listyosigitprabowo, Jumat (28/10/2022). Kapolri menuturkan, menjawab segala pertanyaan dan menjelaskan bagaimana penanganan kasus secara transparan adalah bukti dari kesungguhan anggota Polri dalam melayani masyarakat, terutama berkaitan dengan pelaporan. ""Menunjukkan kesungguhan dalam memberikan pelayanan harus bisa dijelaskan secara transparan dan rasional, dan memenuhi logika publik,"" katanya. ""Ini yang harus rekan-rekan lakukan. Karena dari keempat strategi tersebut, maka yang berkorelasi terhadap peningkatan kepercayaan publik adalah procedural justice,"" tambah Sigit. Menurutnya, sikap masyarakat yang kerap menghubungi penyidik dengan maksud bertanya perkembangan dari setiap laporan maupun pengaduan yang telah dilayangkan adalah hal yang wajar.  ""Karena memang masyarakat mengharapkan ada progress, ada langkah-langkah lanjut,"" ujarnya. Terlebih, saat ini muncul stigma di masyarakat adanya tebang pilih laporan yang ditangani pihak kepolisian. Dengan melihat kadar besar-kecilnya sebuah kasus untuk menjadi prioritas. ""Kecenderungan dari rekan-rekan, karena menerima laporan banyak, menerima pengaduan banyak, sehingga kemudian lebih mementingkan yang menjadi prioritas. Meninggalkan hal-hal yang mungkin rekan-rekan anggap itu tidak prioritas,"" tegasnya. ""Tapi itu penting buat masyarakat yang melapor. Akhirnya terjadi sumbatan komunikasi, rekan-rekan menghindar, tidak mau menemui, sehingga kemudian kesan publik, kesan pelapor terhadap kita menjadi semakin negatif. Jadi kalau bahasa gaulnya itu jangan ghosting,"" tambah dia.   Reporter: Bachtiarudin Alam Merdeka.com * Fakta atau Hoaks? Untuk mengetahui kebenaran informasi yang beredar, silakan WhatsApp ke nomor Cek Fakta Liputan6.com 0811 9787 670 hanya dengan ketik kata kunci yang diinginkan. Advertisement"
https://liputan6.com/read/5110507,"Liputan6.com, Jakarta Ketua Umum Real Estate Indonesia (REI), Totok Lusida, bergabung ke Partai Solidaritas Indonesia (PSI). ""Saya sangat berbahagia pagi ini karena akhirnya resmi bergabung dengan PSI,"" kata dia dalam keterangannya, Jumat (28/10/2022). Baca Juga Totok berpandangan, bahwa PSI ini adalah rumah yang cocok untuk berpolitik. ""Saya meyakini PSI adalah rumah yang cocok untuk saya, untuk berjuang menegakkan toleransi dan menjaga solidaritas,"" Adapun yang bersangkutan langsung didapuk menjadi Ketua Dewan Pakar PSI. Menurut dia, akan berusaha membangun perekonomian bangsa bersama kalangan milenial. ""Di PSI, saya akan berkolaborasi untuk juga membangun perekonomian bangsa, termasuk bersama para milineal. Kita tidak bisa berdiam diri dan main aman, harus terlibat,” kata Totok. Pada kesempatan yang sama, Wakil Ketua Dewan Pembina PSI, Grace Natalie, mengatakan partainya sangat bersyukur dengan bergabungnya Totok. “Kami punya keresahan yang sama. Ada tantangan riil di depan. Tren intoleransi meningkat. Pemilu 2024 akan menjadi pertaruhan, makin inklusif atau intoleransi makin menguat. Dengan bergabungnya Bro Totok ini, kita seperti mendapat suntikan vitamin super,” ujar Grace.   Melalui akun Twitternya, Ketua Umum Partai Solidaritas Indonesia (PSI) Giring Ganesha membagikan momen-momen ketika dirinya camping di Titik Nol Ibu Kota Negara (IKN) Nusantara. Sementara, Ketua Umum DPP PSI Giring Ganesha, menyatakan bergabungnya Totok adalah energi baru yang akan membuat PSI bisa berlari lebih kencang. Selain itu, bisa merumuskan solusi untuk membantu anak muda. “Kita akan berjuang bersama di PSI. Semakin senang karena Bro Totok sudah tahu yang akan dilakukan. Salah satunya, sebagai Ketua Umum REI, kita akan merumuskan jawaban atas kebutuhan anak muda terkait perumahan,” kata Giring. * Fakta atau Hoaks? Untuk mengetahui kebenaran informasi yang beredar, silakan WhatsApp ke nomor Cek Fakta Liputan6.com 0811 9787 670 hanya dengan ketik kata kunci yang diinginkan. Advertisement"
https://liputan6.com/read/5110509,"Liputan6.com, Jakarta - PT Indosat Tbk (ISAT) atau Indosat Ooredoo Hutchison (IOH) tengah menyiapkan fokus bisnis perusahaan pada 2023.  President Director and CEO Indosat Ooredoo Hutchison, Vikram Sinha menuturkan, pihaknya akan melanjutkan sejumlah inisiatif dari 2022.  Baca Juga ""Ada dua bagian untuk fokus ini. Pertama, kami ingin memastikan bahwa kami memberikan pengalaman pelanggan yang sangat baik dan kami mengembangkan core. Hal ini sangat penting bagi kami dan di sinilah customer mengetahui keahlian dan pengetahuan kami,” kata Vikram dalam konferensi pers ISAT, Jumat (28/10/2022). Vikram menyebutkan, Indosat Ooredoo Hutchison akan membangun pendapatan baru, yakni layanan pinjaman digital.  Indosat Ooredoo Hutchison atau ISAT ini menggandeng PT Bank QNB Indonesia Tbk (BKSW) meluncurkan produk pinjaman digital, UCan. Selain itu, UCan menawarkan produk pinjaman tunai hingga Rp 15 juta ke nasabah dengan proses yang mudah. Mulai dari pengajuan aplikasi hingga tarik tunai seluruhnya dilakukan secara digital. Saat ini, UCan mempunyai dua fitur, yaitu tarik tunai dan cicilan. ""Kami ingin bekerja dengan lebih banyak mitra. Kami juga berkolaborasi dengan mitra kami dalam layanan IoT,” kata dia. Dengan adanya pengembangan IoT tersebut, Indosat dapat memberdayakan banyak orang, termasuk UMKM.  “Kami telah melihat beberapa kasus penggunaan yang sangat baik yang memberdayakan memberdayakan banyak orang, UMKM ada dalam proyeknya,” ujar dia. Selain itu, Indosat menggunakan semua kanal digital dalam membangun pendapatan baru perusahaan.  “Jadi, Anda akan melihat beberapa proyek baru yang sangat menarik akan datang, tetapi semua hal itu akan kami lakukan dengan lebih fokus dan menggandakan core. Sehingga, masyarakat tahu ini, jika kami memiliki lebih banyak pelanggan, kami dapat melakukan semua hal ini lebih banyak lagi,” imbuhnya.      Wabah virus corona COVID-19 tidak hanya berpengaruh terhadap kesehatan masyarakat, namun berdampak pula pada pertumbuhan ekonomi negara. Hal ini berdampak bagi bursa saham dan nilai tukar rupiah. Sebelumnya, PT Indosat Tbk (ISAT) atau Indosat Ooredoo Hutchison (IOH) mencatatkan laba bersih sebesar Rp 3,7 triliun pada sembilan bulan pertama 2022. Laba bersih tersebut turun 36,4 persen dari periode sama tahun sebelumnya Rp 5,80 triliun. Laba tersebut turun seiring peningkatan beban operasional, peningkatan beban Depresiasi dan amortisasi, peningkatan biaya keuangan seiring dampak dari penggabungan dua perusahaan yang diimbangi oleh peningkatan pendapatan. Di sisi lain, Indosat Ooredoo Hutchison membukukan pertumbuhan pendapatan. Hingga September 2022, PT Indosat Ooredoo Hutchison meraup pendapatan Rp 34,53 triliun. Pendapatan tumbuh 49,8 persen dari periode sama tahun sebelumnya Rp 23,05 triliun. Kontribusi pendapatan itu terbesar disumbangkan dari seluler sebesar 58,8 persen menjadi Rp 29,84 triliun dari periode sama tahun sebelumnya Rp 18,78 triliun. MIDI naik 6,6 persen dari Rp 3,84 triliun menjadi Rp 4,09 triliun hingga September 2022. Sementara itu, dari telekomunikasi tetap naik 40 persen menjadi Rp 595 miliar hingga September 2022 dari periode sama tahun sebelumnya Rp 422,9 miliar.     Advertisement Beban-beban naik 77,8 persen menjadi Rp 26,63 triliun hingga September 2022 dari periode sama tahun sebelumnya Rp 14,97 triliun. Laba operasi turun 2,2 persen menjadi Rp 7,89 triliun hingga September 2022 dari periode sama tahun sebelumnya Rp 8,07 triliun. Beban lain-lain bersih naik 44,9 persen menjadi Rp 3,12 triliun hingga September 2022 dari periode sama tahun sebelumnya Rp 2,15 triliun. EBITDA tumbuh 35,6 persen menjadi Rp 14,08 triliun hingga September 2022 dari periode sama tahun sebelumnya Rp 10,38 triliun. Sementara itu, ekuitas perseroan tercatat Rp 28,75 triliun hingga September 2022 dari Desember 2021 sebesar Rp 10,30 triliun. Liabilitas bertambah menjadi Rp 74,20 triliun hingga September 2022 dari Desember 2021 sebesar Rp 53,09 triliun. Total aset naik menjadi Rp 102,95 triliun hingga September 2022 dari Desember 2021 sebesar Rp 63,9 triliun. Adapun perseroan mencatat utang yang jatuh tempo sebesar Rp 7,48 triliun dalam waktu 12 bulan. Jatuh tempo rata-rata utang adalah 2,4 tahun pada 30 September 2022. Hingga September 2022, pelanggan perseroan mencapai 98,6 juta dari periode sama tahun sebelumnya 62,3 juta. Ada tambahan sekitar 36,3 juta pelanggan dibandingkan September 2021. Kinerja operasional mendukung  capaian tersebut yang sekaligus menunjukkan komitmen berkelanjutan Perseroan untuk  menghadirkan pengalaman digital kelas dunia, menghubungkan dan memberdayakan  masyarakat Indonesia.  Perseroan membukukan pertumbuhan total pendapatan, EBITDA, dan jumlah pelanggan dibanding kuartal II 2022 dan dibandingkan periode yang sama 2021.  Salah satu  pendorong pertumbuhan kinerja pada kuartal III tahun ini akibat peningkatan  pelanggan dan penggunaan data. Hal tersebut didorong oleh kedua merek konsumen,  IM3 dan Tri, yang terus melengkapi dan mendapatkan daya tarik dalam segmen target  mereka.  President Director and CEO Indosat Ooredoo Hutchison, Vikram Sinha mengatakan,  IOH memperlihatkan kinerja operasional dan keuangan yang solid pada kuartal ketiga  2022.  ""Kami kembali mencatat pertumbuhan kuartal yang kuat berkat gabungan dua  merek layanan telekomunikasi yang saling melengkapi satu sama lain. Peningkatan 2,4  juta pelanggan seluler IOH pada kuartal III 2022 mencerminkan kepercayaan publik  terhadap merek kami dan memotivasi kami untuk terus menghubungkan dan  memberdayakan masyarakat Indonesia,” kata Vikram dalam keterangan resminya, Jumat (28/10/2022). Usai melakukan penggabungan usaha pada awal 2022, IOH resmi menjadi operator  telekomunikasi terbesar kedua di Indonesia. Pasca penggabungan, IOH terus melakukan  integrasi jaringan dengan teknologi MOCN (Multi Operator Core Network) dengan  dukungan para mitra strategisnya.    * Fakta atau Hoaks? Untuk mengetahui kebenaran informasi yang beredar, silakan WhatsApp ke nomor Cek Fakta Liputan6.com 0811 9787 670 hanya dengan ketik kata kunci yang diinginkan. Advertisement"
https://liputan6.com/read/5110510,"Liputan6.com, Jakarta - Korban penipuan investasi online Binomo nekat menginap di Gedung Pengadilan Negeri (PN) Tangerang. Hal itu dilakukan sebagai rasa kecewa lantaran majelis hakim menunda sidang vonis terhadap Indra Kesuma alias Indra Kenz hingga dua pekan ke depan. Hingga pukul 20.00 WIB, sejumlah orang yang tergabung dalam paguyuban korban Indra Kenz duduk dan tidur-tiduran di area PN Tangerang. Mereka memilih beristirahat di dekat pos keamanan PN Tangerang.  Baca Juga  Riski Rusli (28) salah seorang korban penipuan Binomo yang berasal dari Palembang ini memilih bertahan di PN Tangerang karena kecewa dengan keputusan majelis hakim yang menunda sidang pembacaan vonis untuk Indra Kenz. “Kita di sini nuntut keadilan, tapi enggak diberi. Kita numpang tidur aja di sini (PN Tangerang), tapi kalau enggak dikasih ya gimana nantinya,"" kata Riski, Jumat malam (28/10/2022). Riski mengaku belum mengetahui akan berapa lama menginap di PN Tangerang. Dia menunggu koordinasi dengan teman-teman paguyuban korban Indra Kenz yang lain. “Belum tahu, sampai koordinasi dengan kawan-kawan lain. Jadi nunggu koordinasi dari paguyuban,” ujarnya. Sebelumnya, para korban penipuan Binomo ini sempat melakukan aksi unjuk rasa di depan PN Tangerang, Jumat siang. Mereka menuntut hakim memvonis Indra Kenz dengan hukuman berat serta pengembalian uang hasil penipuan. Puluhan orang mengaku korban penipuan Indra Kenz atau Indra Kesuma, mendatangi Pengadilan Negeri Tangerang, Kota Tangerang, Jumat (28/10/2022). Diduga buat konten sesaat setelah sidang terdakwa penipuan investasi online Indra Kenz ditunda, Youtuber Paris Fernandez, diprotes puluhan korban Binomo di halaman Pengadilan Negeri (PN) Tangerang, Jumat (28/10/2022). Youtuber yang dikenal dengan perkataan 'Salam dari Binjai' itu, awalnya bergerombol dengan timnya mengenakan kaos berwarna hitam. Tiba-tiba saja, kubu korban berteriak protes tidak untuk bahan konten. ""Ini bukan untuk konten, woy!"" Teriakan itu diulang beberapa kali kearah Paris Fernandez cs. Terlihat, Youtuber tersebut bersama timnya ingin membentangkan beberapa spanduk yang diduga berisi dukungan kepada Indra Kenz. Sejumlah polisi berpakaian preman pun berusaha meredam dan melarang aksi tersebut dilakukan. ""Saya tidak mendukung siapapun disini,"" elak Paris di hadapan para korban. Sontak saja aksi tersebut memancing emosi puluhan korban yang melihat isi tulisan spanduk bertuliskan 'Semangat bang Indra Kenz'. Rombongan Youtuber itu pun langsung membuang spanduk tersebut dan langsung diamankan ke pos satpam PN Tangerang. Sementara tim Youtuber tersebut masih terus merekam adegan aksi protes tersebut. Paris Fernandez pun sempat beralasan, bila aksi tersebut bentuk semangat kepada Indra Kenz lantaran pernah baik kepada dirinya. ""Saya enggak mendukung siapa-siapa, tapi bang Indra itu sudah baik sama saya,"" ujarnya yang kemudian langsung dievakuasi ke dalam mobil. Ketegangan pun kembali ketika salah satu rombongan korban melihat tim Youtuber mencopot spanduk protes milik para korban, yang sebelumnya dipasang di pagar PN Tangerang. Namun, demi menenangkan massa, polisi berpakaian preman pun beralasan bila spanduk milik para korban sudah berada di pos satpam PN Tangerang. ""Paris Fernandes ingat ya, ini bukan bahan untuk konten. Kami di sini korban, datang dari berbagai daerah,"" ujar jubir korban, Maru Nazara. * Fakta atau Hoaks? Untuk mengetahui kebenaran informasi yang beredar, silakan WhatsApp ke nomor Cek Fakta Liputan6.com 0811 9787 670 hanya dengan ketik kata kunci yang diinginkan. Advertisement"
https://liputan6.com/read/5110513,"Fimela.com, Jakarta Ibu Kota Nusantara atau biasa disebut IKN pertama kalinya terhubung dengan platform dunia virtual atau metaverse Indonesia, yaitu Jagat.io. PT Avatara Jaga Nusantara secara resmi menghadirkan dunia virtual yang diberi nama Jagat.io. 
 
 Platform ini sudah bisa diakses publik lewat play.jagat.io dan aplikasi mobile. Platform ini dirilis tepat di Hari Sumpah Pemuda, di mana menurut Jokowi, kehadiran IKN di metaverse bisa memupuk rasa kepemilikan dan kebangsaan terhadap ibu kota baru. Menurut Jokowi, hal ini bisa mengajak para generasi muda dari Sabang sampai Merauke turut berpartisipasi aktif membentuk kota masa depan Indonesia, agar sesuai dengan aspirasi mereka, secara virtual. Co-Founder dan CEO Jagat Barry Beagen mengatakan bahwa semua orang bisa mengekspresikan diri mereka di metaverse Jagat.   Advertisement Masyarakat bisa menggunakan avatar untuk mewujudkan kepribadian sesuai aspirasi atau persona mereka. Berbagai fitur yang dihadirkan terinspirasi oleh interaksi sehari-hari. Walaupun dihadirkan sebagai avatar, tapi ada pilihan berbincang dengan menyalakan mikrofon atau tatap muka secara online lewat kamera. Pengalaman yang dihadirkan Jagat ini turut menjawab peluang globalisasi di mana interaksi sosial, menjadikan generasi muda di seluruh dunia semakin dekat. Nantinya, platform Jagat bisa dimanfaatkan untuk mengadakan rapat, pertemuan, nobar film, konser virtual, pertunjukan, dan showcase karya digital, termasuk interaksi lain dengan pengalaman yang lebih mulus. Ada beberapa rekanan yang sudah bergabung dalam dunia virtual Jagat, yang masing-masing memiliki konsep unik, yaitu Noice, Sociolla, Bumilangit, Hepmil Media Group, ROH Project, Indozone, Jakarta Intercultural School, Pijar Foundation, dan Play3."
https://liputan6.com/read/5110514,"Liputan6.com, Gorontalo - Di Tengah terpuruknya citra polri di masyarakat akibat berbagai peristiwa yang terjadi, Kapolri mengeluarkan berbagai kebijakan. Hal itu dilakukan agar kepercayaan publik ke polisi akan kembali pulih. Namun, masih ada saja anggota polisi yang mencederai hal tersebut. Kali ini, seorang polisi di Gorontalo tega menembak salah seorang karyawan swasta Jumat (28/10/2022).   Baca Juga  Peristiwa tersebut terjadi di Jalan Dewi Sartika, Kelurahan Limba U I, Kota Gorontalo. Oknum polisi berinisial SR itu, melakukan penembakan terhadap korban berinisial SN alias Supri. Peristiwa itu terjadi pukul 13.00 WITA. Kala itu, polisi yang diketahui berpangkat brigadir mendatangai SN di tempat kerjanya. Kedatangan oknum polisi tersebut dengan tujuan untuk menyelesaikan sengketa kredit. Musababnya, korban SN merupakan seorang debt collector yang memang menagih utang kepada SR. Selain itu, berdasarkan informasi yang diterima Liputan6.com jika oknum polisi ini memang tengah menunggak angsuran mobilnya selama kurang lebih dua bulan. Tak Terima Ditilang, Anak SMP di Cilacap Caci Maki Polisi Saat keduanya tengah bercerita soal keterlambatan mobil angsuran kendaraan itu. Korban kemudian pamit untuk buang air kecil, saat kembali dari buang air kecil, terlihat SR sedang mengelap pistolnya. Tidak selang beberapa saat, bunyi letusan pun terdengar keras. Sementara korban sudah terluka di bagian paha akibat proyektil peluru tersebut. Menurut Kapolres Gorontalo Kota, AKBP Ardi Ranahanto, saat dikonfirmasi, bahwa saat itu pelaku SR mengeluarkan pistol untuk dibersihkan. Bahkan tidak sengaja ditembakan kepada korban. “Oknum Polisi itu mengeluarkan senjata dan membersihkan. Tidak sengaja tertembak dan mengenai paha kiri,” kata AKBP Ardi Rahananto. Menurut kapolres, peluru dari senjata milik Brigadir SR itu, menembus paha korban bernama yang akrab disapa Sufriwanto.  Saat ini pria tersebut tengah dirawat di RS Aloei Saboe, Kota Gorontalo. “Korban tengah dirawat di Aloei Saboe. Proyektil peluru menembus paha hingga belakang,” ungkapnya. * Fakta atau Hoaks? Untuk mengetahui kebenaran informasi yang beredar, silakan WhatsApp ke nomor Cek Fakta Liputan6.com 0811 9787 670 hanya dengan ketik kata kunci yang diinginkan. Advertisement"
https://liputan6.com/read/5110515,"Liputan6.com, Yogyakarta - Berbicara tentang lalu lintas Yogyakarta, terdapat salah satu hal unik yang mungkin tak banyak disadari pengendara. Hal unik tersebut terletak di Jalan Kleringan menuju Jalan Abu Bakar Ali atau jalan dari Stasiun Tugu menuju kawasan Malioboro. Jika biasanya lajur lalu lintas di Indonesia berada di sebelah kiri, lajur yang berada di bawah Jembatan Kewek ini justru berada di sebelah kanan. Bisa dikatakan bahwa jalan tersebut merupakan satu-satunya jalan di Yogyakarta yang menggunakan lajur kanan. Kepala Dinas Perhubungan Kota Yogyakarta, Agus Arif Nugroho mengatakan, keberadaan lajur ini berhubungan dengan manajemen lalu lintas. Setelah menjadi kesatuan giratori, jalur dari perempatan Gondomanan hingga Ngabean dibuat satu arah.  Baca Juga  Oleh sebab itu, terdapat tiga jalur untuk menuju ke Malioboro. Jalur pertama dari arah Mangkubumi, jalur kedua dari arah Jalan Suryotomo Mataram, dan jalur ketiga dari Kotabaru. Sementara itu, untuk yang dari arah Jalan Suryotomo Mataram, tidak semuanya menuju ke arah barat atau Malioboro. Oleh sebab itu, akses untuk keluar dari lokasi tersebut juga ada yang menuju ke arah Kotabaru. Hal tersebut juga merupakan upaya untuk meminimalisasi konflik lalu lintas. Jika lajur kanan tersebut dibuat layaknya lajur pada umumnya, yakni lajur kiri, maka konflik lalu lintas akan semakin besar. Adapun pengendara yang dari arah Mangkubumi harus melewati lajur yang keluar dari Jalan Suryotomo Mataram terlebih dahulu. Secara teknis dan manajemen lalu lintas, keberadaan lajur ini sebenarnya merupakan jalan satu arah atau one way, bukan dua arah. Namun, di sisi lain, lajur ini justru menjadi keunikan tersendiri bagi Kota Yogyakarta. Disebutkan pula, lajur kanan ini mulai diberlakukan sejak 2020 lalu.   Penulis: Resla Aknaita Chak Puncak peringatan hari ulang tahun kota Yogyakarta ke 262, dimeriahkan dengan digelarnya kembali pagelaran Wayang Jogja Night Carnival ke 3 yang dipusatkan di Tugu Pal Putih Yogyakarta. * Fakta atau Hoaks? Untuk mengetahui kebenaran informasi yang beredar, silakan WhatsApp ke nomor Cek Fakta Liputan6.com 0811 9787 670 hanya dengan ketik kata kunci yang diinginkan."
https://liputan6.com/read/5110516,"Liputan6.com, Jakarta - Inter Milan bertemu Sampdoria pada persaingan Liga Italia 2022/2023 di Stadio Giuseppe Meazza, Minggu (30/10/2022) pukul 01.45 WIB. Anda bisa menyaksikan pertandingan melalui live streaming Vidio. I Nerazzurri bertanding dalam modal tinggi. Mereka menyelesaikan tugas merebut tiket babak 16 besar Liga Champions dengan menghajar Viktoria Plzen pada tengah pekan. Pasukan Simone Inzaghi kini kembali ke persaingan domestik dan dituntut mengejar ketertinggalan. Torehan tiga kemenangan beruntun membawa mereka mendekati enam besar Serie A. Namun, Inter masih tertinggal delapan poin di belakang pemuncak tabel Napoli memasuki putaran pekan ini. Mereka semestinya bisa menjaga jarak, atau bahkan memangkas defisit sembari berharap Napoli, dengan menaklukkan Sampdoria. Tim tamu gagal menunjukkan performa terbaik dan baru sekali mencatat hasil positif. I Nerazzurri juga punya rekor bagus kontra lawan. Selain selalu berjaya pada lima partai kandang terakhir kontra Sampdoria, Inter cuma sekali takluk dalam 10 duel di Liga Italia. Meski begitu, ada faktor X yang patut diwaspadai tuan rumah. Sampdoria datang bersama nakhoda anyar Dejan Stankovic. Dia bukanlah sosok asing karena jadi bagian penting keberhasilan Inter menjadi treble winners pada 2010. Stankovic pula yang mempersembahkan kemenangan satu-satunya Sampdoria sejauh ini. Kini dia kembali ke San Siro dan membidik kejutan pada duel Inter Milan vs Sampdoria. Berita video highlights Liga Italia, AC Milan kalahkan Inter Milan 3-2, Sabtu (3/9/22) Meski kembali mencetak gol ke gawang Viktoria Plzen, Romelu Lukaku kemungkinan masih menjadi cadangan pada laga nanti. Masih terlalu dini untuk mengandalkannya sejak menit pertama setelah absen panjang akibat cedera. Dengan begitu, Inzaghi akan memilih dua di antara Joaquin Correa, Lautaro Martinez, dan Edin Dzeko untuk jadi ujung tombak. Dzeko punya rekor bagus kontra Sampdoria. Dia sudah merobek gawang klub berbasis Genoa itu enam kali sepanjang kariernya. Tapi, Dzeko gagal membuat gol pada tujuh laga kandang terakhir. Sebaliknya, Martinez memiliki statistik tembakan (43) dan tembakan tepat sasaran (15) terbanyak pada musim ini. Kinerja itu berbuah empat gol di dua partai terakhir. Jika Lukaku sudah pulih, Marcelo Brozovic masih harus menunggu lama untuk kembali ke lapangan. Di luar itu, Inzaghi tidak punya masalah lain dalam skuat. Dia pun bisa merotasi pemain jelang jadwal padat dan duel menantang kontra Bayern Munchen beberapa hari kemudian. Sampdoria masih menunggu pulihnya Harry Winks dan Jeison Murillo. Stankovic pun hampir pasti tidak melakukan perubahan berarti. Emil Audero, Bartosz Bereszynski, Francesco Caputo, dan Manolo Gabbiadini bakal jadi andalan di posisi masing-masing. Advertisement Inter Milan: Onana; Skriniar, De Vrij, Acerbi; Darmian, Barella, Calhanoglu, Mkhitaryan, Dimarco; Correa, Martinez Sampdoria: Audero; Bereszynski, Amione, Colley, Augello; Rincon, Villar; Gabbiadini, Sabiri, Djuricic; Caputo   5 Pertemuan Terakhir 22-05-2022 Inter vs Sampdoria 3-0 12-09-2021 Sampdoria vs Inter 2-2 08-05-2021 Inter vs Sampdoria 5-1 06-01-2021 Sampdoria vs Inter 2-1 22-06-2020 Inter vs Sampdoria 2-1   5 Pertandingan Terakhir Inter Milan 08-10-22 Sassuolo vs Inter 1-2 13-10-22 Barcelona vs Inter 3-3 16-10-22 Inter vs Salernitana 2-0 23-10-22 Fiorentina vs Inter 3-4 26-10-22 Inter vs Viktoria Plzen 4-0   5 Pertandingan Terakhir Sampdoria 02-10-22 Sampdoria vs Monza 0-3 09-10-22 Bologna vs Sampdoria 1-1 17-10-22 Sampdoria vs Roma 0-1 20-10-22 Sampdoria vs Ascoli 2-2 24-10-22 Cremonese vs Sampdoria 0-1 * Fakta atau Hoaks? Untuk mengetahui kebenaran informasi yang beredar, silakan WhatsApp ke nomor Cek Fakta Liputan6.com 0811 9787 670 hanya dengan ketik kata kunci yang diinginkan. Advertisement"
https://liputan6.com/read/5110517,"Liputan6.com, Jakarta - Inter Milan dan Sampdoria bertarung pada lanjutan Liga Italia 2022/2023 di Stadio Giuseppe Meazza, Minggu (30/10/2022) pukul 01.45 WIB. Laga bisa ditonton lewat live streaming Vidio. I Nerazzurri bertanding dalam modal tinggi. Mereka menyelesaikan tugas merebut tiket babak 16 besar Liga Champions dengan menghajar Viktoria Plzen pada tengah pekan. Baca Juga Pasukan Simone Inzaghi kini kembali ke persaingan domestik dan dituntut mengejar ketertinggalan. Torehan tiga kemenangan beruntun membawa mereka mendekati enam besar Serie A. Namun, Inter masih tertinggal delapan poin di belakang pemuncak tabel Napoli memasuki putaran pekan ini. Mereka semestinya bisa menjaga jarak, atau bahkan memangkas defisit sembari berharap Napoli, dengan menaklukkan Sampdoria. Tim tamu gagal menunjukkan performa terbaik dan baru sekali mencatat hasil positif. I Nerazzurri juga punya rekor bagus kontra lawan. Selain selalu berjaya pada lima partai kandang terakhir kontra Sampdoria, Inter cuma sekali takluk dalam 10 duel di Liga Italia. Meski begitu, ada faktor X yang patut diwaspadai tuan rumah. Sampdoria datang bersama nakhoda anyar Dejan Stankovic. Dia bukanlah sosok asing karena jadi bagian penting keberhasilan Inter menjadi treble winners pada 2010. Stankovic pula yang mempersembahkan kemenangan satu-satunya Sampdoria sejauh ini. Kini dia kembali ke San Siro dan membidik kejutan. Lihat kondisi terkini, perkiraan pemain, rekor pertemuan dan kinerja tim, serta dapatkan link live streaming Liga Italia Inter vs Sampdoria di halaman berikut: Berita video highlights Liga Italia, AC Milan kalahkan Inter Milan 3-2, Sabtu (3/9/22) Meski kembali mencetak gol ke gawang Viktoria Plzen, Romelu Lukaku kemungkinan masih menjadi cadangan pada laga nanti. Masih terlalu dini untuk mengandalkannya sejak menit pertama setelah absen panjang akibat cedera. Dengan begitu, Inzaghi akan memilih dua di antara Joaquin Correa, Lautaro Martinez, dan Edin Dzeko untuk jadi ujung tombak. Dzeko punya rekor bagus kontra Sampdoria. Dia sudah merobek gawang klub berbasis Genoa itu enam kali sepanjang kariernya. Tapi, Dzeko gagal membuat gol pada tujuh laga kandang terakhir. Sebaliknya, Martinez memiliki statistik tembakan (43) dan tembakan tepat sasaran (15) terbanyak pada musim ini. Kinerja itu berbuah empat gol di dua partai terakhir. Jika Lukaku sudah pulih, Marcelo Brozovic masih harus menunggu lama untuk kembali ke lapangan. Di luar itu, Inzaghi tidak punya masalah lain dalam skuat. Dia pun bisa merotasi pemain jelang jadwal padat dan duel menantang kontra Bayern Munchen beberapa hari kemudian. Sampdoria masih menunggu pulihnya Harry Winks dan Jeison Murillo. Stankovic pun hampir pasti tidak melakukan perubahan berarti. Emil Audero, Bartosz Bereszynski, Francesco Caputo, dan Manolo Gabbiadini bakal jadi andalan di posisi masing-masing. Advertisement Inter Milan: Onana; Skriniar, De Vrij, Acerbi; Darmian, Barella, Calhanoglu, Mkhitaryan, Dimarco; Correa, Martinez Sampdoria: Audero; Bereszynski, Amione, Colley, Augello; Rincon, Villar; Gabbiadini, Sabiri, Djuricic; Caputo   5 Pertemuan Terakhir 22-05-2022 Inter vs Sampdoria 3-0 12-09-2021 Sampdoria vs Inter 2-2 08-05-2021 Inter vs Sampdoria 5-1 06-01-2021 Sampdoria vs Inter 2-1 22-06-2020 Inter vs Sampdoria 2-1   5 Pertandingan Terakhir Inter Milan 08-10-22 Sassuolo vs Inter 1-2 13-10-22 Barcelona vs Inter 3-3 16-10-22 Inter vs Salernitana 2-0 23-10-22 Fiorentina vs Inter 3-4 26-10-22 Inter vs Viktoria Plzen 4-0   5 Pertandingan Terakhir Sampdoria 02-10-22 Sampdoria vs Monza 0-3 09-10-22 Bologna vs Sampdoria 1-1 17-10-22 Sampdoria vs Roma 0-1 20-10-22 Sampdoria vs Ascoli 2-2 24-10-22 Cremonese vs Sampdoria 0-1 Link live streaming Inter Milan vs Sampdoria, klik di sini... * Fakta atau Hoaks? Untuk mengetahui kebenaran informasi yang beredar, silakan WhatsApp ke nomor Cek Fakta Liputan6.com 0811 9787 670 hanya dengan ketik kata kunci yang diinginkan. Advertisement"
https://liputan6.com/read/5110518,"Liputan6.com, Jakarta - Inter Milan menjamu Sampdoria pada giornata ke-12 Liga Italia 2022/2023. Pertandingan di Stadio Giuseppe Meazza, Minggu (30/10/2022) pukul 01.45 WIB, bisa disaksikan langsung lewat streaming Vidio. I Nerazzurri bertanding dalam modal tinggi. Mereka menyelesaikan tugas merebut tiket babak 16 besar Liga Champions dengan menghajar Viktoria Plzen pada tengah pekan. Baca Juga Pasukan Simone Inzaghi kini kembali ke persaingan domestik dan dituntut mengejar ketertinggalan. Torehan tiga kemenangan beruntun membawa mereka mendekati enam besar Serie A. Namun, Inter masih tertinggal delapan poin di belakang pemuncak tabel Napoli memasuki putaran pekan ini. Mereka semestinya bisa menjaga jarak, atau bahkan memangkas defisit sembari berharap Napoli, dengan menaklukkan Sampdoria. Tim tamu gagal menunjukkan performa terbaik dan baru sekali mencatat hasil positif. I Nerazzurri juga punya rekor bagus kontra lawan. Selain selalu berjaya pada lima partai kandang terakhir kontra Sampdoria, Inter cuma sekali takluk dalam 10 duel di Liga Italia. Meski begitu, ada faktor X yang patut diwaspadai tuan rumah. Sampdoria datang bersama nakhoda anyar Dejan Stankovic. Dia bukanlah sosok asing karena jadi bagian penting keberhasilan Inter menjadi treble winners pada 2010. Stankovic pula yang mempersembahkan kemenangan satu-satunya Sampdoria sejauh ini. Kini dia kembali ke San Siro dan membidik kejutan. Lihat kondisi terkini, perkiraan pemain, rekor pertemuan dan kinerja tim, serta dapatkan link live streaming Liga Italia Inter Milan vs Sampdoria di halaman berikut: Berita video highlights Liga Italia, AC Milan kalahkan Inter Milan 3-2, Sabtu (3/9/22) Meski kembali mencetak gol ke gawang Viktoria Plzen, Romelu Lukaku kemungkinan masih menjadi cadangan pada laga nanti. Masih terlalu dini untuk mengandalkannya sejak menit pertama setelah absen panjang akibat cedera. Dengan begitu, Inzaghi akan memilih dua di antara Joaquin Correa, Lautaro Martinez, dan Edin Dzeko untuk jadi ujung tombak. Dzeko punya rekor bagus kontra Sampdoria. Dia sudah merobek gawang klub berbasis Genoa itu enam kali sepanjang kariernya. Tapi, Dzeko gagal membuat gol pada tujuh laga kandang terakhir. Sebaliknya, Martinez memiliki statistik tembakan (43) dan tembakan tepat sasaran (15) terbanyak pada musim ini. Kinerja itu berbuah empat gol di dua partai terakhir. Jika Lukaku sudah pulih, Marcelo Brozovic masih harus menunggu lama untuk kembali ke lapangan. Di luar itu, Inzaghi tidak punya masalah lain dalam skuat. Dia pun bisa merotasi pemain jelang jadwal padat dan duel menantang kontra Bayern Munchen beberapa hari kemudian. Sampdoria masih menunggu pulihnya Harry Winks dan Jeison Murillo. Stankovic pun hampir pasti tidak melakukan perubahan berarti. Emil Audero, Bartosz Bereszynski, Francesco Caputo, dan Manolo Gabbiadini bakal jadi andalan di posisi masing-masing. Advertisement Inter Milan: Onana; Skriniar, De Vrij, Acerbi; Darmian, Barella, Calhanoglu, Mkhitaryan, Dimarco; Correa, Martinez Sampdoria: Audero; Bereszynski, Amione, Colley, Augello; Rincon, Villar; Gabbiadini, Sabiri, Djuricic; Caputo   5 Pertemuan Terakhir 22-05-2022 Inter vs Sampdoria 3-0 12-09-2021 Sampdoria vs Inter 2-2 08-05-2021 Inter vs Sampdoria 5-1 06-01-2021 Sampdoria vs Inter 2-1 22-06-2020 Inter vs Sampdoria 2-1   5 Pertandingan Terakhir Inter Milan 08-10-22 Sassuolo vs Inter 1-2 13-10-22 Barcelona vs Inter 3-3 16-10-22 Inter vs Salernitana 2-0 23-10-22 Fiorentina vs Inter 3-4 26-10-22 Inter vs Viktoria Plzen 4-0   5 Pertandingan Terakhir Sampdoria 02-10-22 Sampdoria vs Monza 0-3 09-10-22 Bologna vs Sampdoria 1-1 17-10-22 Sampdoria vs Roma 0-1 20-10-22 Sampdoria vs Ascoli 2-2 24-10-22 Cremonese vs Sampdoria 0-1 Link live streaming Inter Milan vs Sampdoria, klik di sini... * Fakta atau Hoaks? Untuk mengetahui kebenaran informasi yang beredar, silakan WhatsApp ke nomor Cek Fakta Liputan6.com 0811 9787 670 hanya dengan ketik kata kunci yang diinginkan. Advertisement"
https://liputan6.com/read/5110519,"Liputan6.com, Jakarta - Konferensi Tingkat Tinggi atau KTT G20, melalui forum Religion of 20 (R20), untuk pertama kalinya memasukkan secara resmi diskusi mengenai bagaimana agama besar dunia terlibat dalam menangani masalah global, kata Ketua Lembaga Komunikasi dan Informasi PBNU Ishaq Zubaedi Raqib.  Baca Juga  ""Untuk pertama kalinya, Konferensi Tingkat Tinggi (KTT) G20 memasukkan secara resmi diskusi bagaimana agama-agama besar dunia harus dilibatkan untuk menangani masalah-masalah global yang mendesak sebagai acara utama,"" kata Ishaq Zubaedi Raqib saat dikonfirmasi ANTARA dari Jakarta, Jumat. Ishaq menjelaskan pertemuan Forum Agama G20 atau R20 memobilisasi para pemimpin dan pemuka agama di dunia untuk memastikan bahwa agama berfungsi sebagai solusi sejati dan dinamis, bukan sebagai sumber masalah pada abad ke-21. Tujuan utama penyelenggaraan R20 adalah untuk mencegah isu identitas yang digunakan sebagai senjata, membatasi penyebaran kebencian kelompok, serta melindungi masyarakat dari kekerasan dan penderitaan akibat konflik, jelasnya.   Wanita Histeris Saat Puting Beliung Merusak Puluhan Kios dan Rumah di Kebumen Selain itu, tambahnya, R20 juga bertujuan mendorong diskusi yang jujur dan realistis dalam komunitas beragama hingga memasukkan nilai-nilai moral dan spiritual ke dalam struktur kekuatan geopolitik dan ekonomi. ""Dengan mengakui adanya tantangan di Indonesia sendiri, NU dan Center for Shared Civilizational Values (Sekretariat R20) mengundang Sekretaris Jenderal Liga Muslim Dunia yang berbasis di Makkah, Syaikh Muhammad bin Abdul Karim al-Issa, untuk menjadi ketua bersama dalam acara R20,"" kata Ishaq. Selain mengembangkan kerja sama dengan Liga Muslim Dunia, NU juga bekerja sama dengan gereja Katolik global dan salah satu jaringan Kristen terbesar di dunia, Aliansi Evangelis Protestan Dunia, yang mewakili 600 juta orang di 143 negara. Sekretaris Jenderal Aliansi Evangelis Protestan Dunia, Thomas Schirrmacher, akan menghadiri R20 secara langsung. Aliansi Evangelis telah bekerja sama dengan NU sejak 2019. India dan Brasil juga secara berturut-turut akan memegang presidensi G20 pada 2023 dan 2024. India memiliki penduduk Hindu terbesar di dunia sebanyak 1,1 miliar orang dan Brasil memiliki penduduk Kristen terbesar kedua di dunia sejumlah 194 juta orang. * Fakta atau Hoaks? Untuk mengetahui kebenaran informasi yang beredar, silakan WhatsApp ke nomor Cek Fakta Liputan6.com 0811 9787 670 hanya dengan ketik kata kunci yang diinginkan. Advertisement"
https://liputan6.com/read/5110520,"Liputan6.com, Jakarta - David de Gea tidak akan pergi ke Piala Dunia 2022 yang akan digelar akhir tahun ini di Qatar setelah dilaporkan dikeluarkan dari daftar 55 pemain sementara Timnas Spanyol. Pemain Manchester United itu kalah saing dari tiga kiper Liga Inggris lainnya. Pelatih Timnas Spanyol Luis Enrique telah menyerahkan daftar awal pemain yang akan dimainkan di Piala Dunia 2022 Qatar. Pada tahap selanjutnya akan dipangkas menjadi hanya 26 pemain. Baca Juga Meski ukuran skuad besar, masih belum ada tempat bagi De Gea setelah Enrique memilih tiga kiper Liga Inggris lainnya. Menurut AS, Enrique telah memilih lima kiper berbeda dalam daftar 55 pemain, tetapi David De Gea bukan salah satunya. Tiga penjaga gawang yang diperkirakan terbang ke Qatar adalah Unai Simon dari Athletic Bilbao, kiper Brighton Robert Sanchez, dan David Raya asal Brentford.  Sementara itu, Kepa Arrizabalaga dari Chelsea dan David Soria dari Getafe telah dipilih sebagai cadangan jika ada yang cedera atau penyakit sebelum turnamen. Pencoretan De Gea akan mengejutkan beberapa orang mengingat sejarah panjangnya bermain untuk tim nasional. Tetapi, pengucilannya telah dilakukan selama beberapa tahun.  Dia tidak berada di skuad Spanyol sejak kemenangan kualifikasi Piala Dunia 1-0 atas Swedia pada November 2021. Saat itu, dia adalah pemain pengganti yang tidak dimainkan. Penampilan terakhir De Gea sebagai starter di Timnas Spanyol terjadi pada dua tahun lalu. Dia bermain 90 menit penuh saat tim Enrique kalah 0-1 dari Ukraina dalam pertandingan Nations League 2020. Pemain berusia 31 tahun itu mendapat kecaman setelah pertandingan. Banyak yang berpendapat bahwa posisinya yang memungkinkan Viktor Tsygankov mencetak gol kemenangan pada malam itu. Berita Video, Amunisi Timnas Spanyol untuk Cetak Gol di Piala Dunia 2022 Tim nasional mungkin bukan satu-satunya perhatian David de Gea dalam waktu dekat. Laporan menunjukkan Manajer Manchester United Erik ten Hag sedang mencari pengganti untuk pemain Spanyol itu.  Kontrak penjaga gawang berusia 31 tahun itu akan habis musim panas 2023. Sekarang ada tanda tanya besar apakah MU akan memperbarui kontraknya atau tidak. Setan Merah telah dikaitkan dengan orang yang menggantikan De Gea di tim nasional. Simon dari Bilbao dan kiper Porto Diogo Costa. Ini adalah situasi yang aneh mengingat De Gea telah tampil di semua 15 pertandingan untuk Setan Merah sejak Ten Hag mengambil alih musim panas ini. De Gea telah mengatasi persaingan dengan Dean Henderson sebagai kiper utama MU, yang memilih dipinjamkan ke Nottingham Forest musim ini. Tampaknya kiper asal Spanyol itu sudah mengukuhkan dirinya sebagai orang nomor satu di bawah mistar gawang Setan Merah. Ketika ditanya tentang situasi ini, Manajer MU Erik ten Hag meminta De Gea memusatkan perhatiannya di lapangan, bukan kontrak baru. Advertisement Bek PSG Sergio Ramos mendapat peluang luar biasa untuk tampil bersama Timnas Spanyol di Piala Dunia Qatar. Laporan dari Spanyol menyatakan bahwa dia berada di daftar 55 pemain sementara.  Dilansir Daily Mail, Jumat (28/10/2022), mantan kapten Spanyol akan ditawari kesempatan untuk menunjukkan dirinya masih memiliki apa yang diperlukan untuk bersaing di panggung internasional. Ramos tidak tampil untuk Spanyol sejak Maret 2021. Tetapi, sejauh ini ia masih merupakan pembuat rekor penampilan terbanyak di negaranya dengan 180 pertandingan untuk La Roja. Di masa keemasannya, Ramos bisa dibilang sebagai pemain paling penting bagi tim nasional. Namun, belakangan dia semakin terpuruk dalam urutan kekuasaan.  Kehadirannya hampir tidak pernah terlewatkan meskipun dengan munculnya Pau Torres sebagai salah satu bek terkuat bangsanya, bersama Aymeric Laporte dari Manchester City. Kembalinya Ramos ke line up turnamen internasional menjadi hal yang mengejutkan, di sisi lain Ansu Fati justru bisa kehilangan posisinya.  Fati muncul dua musim lalu dan terbukti sebagai bakat yang lincah. Dia mencetak 22 gol dan sembilan assist yang mengesankan dalam 74 penampilan untuk Barcelona.  Pemain lain yang diperkirakan masuk dalam daftar panjang adalah Borja Iglesias, pemain muda Barca Alejandro Balde dan Nico Williams. Williams telah menjadi salah satu paket kejutan di La Liga musim ini. Penyerang itu pertama kali bermain untuk Spanyol pada jeda internasional terakhir. Dia punya peluang bagus untuk setidaknya masuk skuad sementara.  Laporan itu juga menyebut bahwa daftar 55 pemain Enrique tidak akan tersedia secara umum karena dia selalu mempersiapkan diri untuk Piala Dunia. Dengan turnamen yang akan dimulai pada 20 November, daftar 26 pemain terakhir Spanyol dan harus diselesaikan pada 11 November. Advertisement Spanyol tidak diragukan lagi memiliki kemampuan untuk melangkah jauh di Piala Dunia 2022, meskipun apakah mereka dapat mengangkat trofi masih bisa diperdebatkan. Catatan minor musim lalu menjadi penyebabnya. Spanyol tersingkir di babak penyisihan grup pada 2014 dan 16 besar empat tahun lalu. Di sisi lain, ada tanda-tanda selama beberapa tahun terakhir bahwa Spanyol membuat kejutan di Qatar. Dan, poin pentingnya adalah seberapa tepat Enrique untuk memilih pemain ke Piala Dunia 2022. Berikut Prediksi Starting XI Spanyol: Unai Simon, Dani Carvajal, Eric García, Aymeric Laporte, Jordi Alba; Sergio Busquets, Koke, Pedri; Pablo Sarabia, Alvaro Morata, Ferran Torres * Fakta atau Hoaks? Untuk mengetahui kebenaran informasi yang beredar, silakan WhatsApp ke nomor Cek Fakta Liputan6.com 0811 9787 670 hanya dengan ketik kata kunci yang diinginkan."
https://liputan6.com/read/5110521,"Liputan6.com, Jakarta - Dinas Perhubungan (Dishub) DKI Jakarta menjatuhkan sanksi kepada anggotanya yang diduga emosi hingga merusak spion mobil yang parkir liar di Jalan Widya Chandra, Jakarta Selatan (Jaksel). Aksi ini direkam dan videonya viral di media sosial. Kepala Dinas Perhubungan (Dishub) DKI Jakarta Syafrin Liputo menyatakan, kasus tersebut telah berakhir damai setelah petugas dan pemilik kendaraan dimediasi. Meski begitu, pihaknya tetap memberikan sanksi terhadap pegawai Dishub DKI tersebut.  Baca Juga  “Jadi artinya ini sudah selesai, tetapi kami dari Dishub tetap memberikan sanksi kepada yang bersangkutan karena tidak mengedepankan prinsip humanis persuasif dalam melaksanakan tugas di lapangan,"" kata Syafrin, Jakarta, Jumat (28/10/2022). Petugas tersebut, kata Kadishub, ditarik dari lapangan untuk kemudian dijadikan sebagai staf dalam jangka waktu tertentu sambil dievaluasi. Lebih lanjut, Syafrin menjelaskan, insiden itu terjadi saat Tim Lintas Jaya yang terdiri dari Dishub DKI Jakarta, Polda Metro Jaya, dan Garnisun melakukan patroli terhadap pelanggaran parkir liar di Ibu Kota. “Sekitar pukul 14.00 WIB kemarin, tanggl 25 tepatnya, itu ada ditemukan ada lima kendaraan yang melakukan pelanggaran parkir liar. Nah yang empat itu ada pengemudinya di dalam mobil sehingga begitu petugas datang, yang empat langsung pergi. Nah mobil yang satu ini ditinggal oleh pengemudinya. Artinya, begitu ditinggal, itu sudah jelas menjadi pelanggaran parkir kan,” ucapnya. Kemudian petugas gabungan mencari pengemudi tersebut. Namun, saat petugas ingin melakukan penderekkan, pengemudi tersebut datang dan langsung masuk ke dalam mobilnya.  “Petugas kita seperti prosedur tetapnya (protap) menjelaskan, 'mobil bapak melanggar parkir dan akan diderek', tapi yang bersangkutan tidak membuka kaca. Malah menghidupkan mesin untuk lari. Nah oleh sebab itu, protapnya, petugas kepolisian langsung berdiri di belakang. Pada saat petugas kepolisian di belakang mobil, itu hampir ditabrak oleh si pengemudi karena dia mundur kan. Nah dengan posisi itu, ya namanya di lapangan, langsung emosi lah di lapangan,” tutur Syafrin bercerita.   Sebuah video yang menampilkan detik-detik oknum anggota Dishub merusak spion pengendara mobil viral di media sosial.

Diketahui, oknum tersebut kesal lantaran pengemudi mobil enggan diderek karena parkir liar di Jalan Widya Chandra, Kuningan Barat,... Insiden tersebut viral di media sosial. Salah satu akun Instagram yang memposting rekaman detik-detik peristiwa ini adalah @merekamjakarta. Akun tersebut menuliskan keterangan oknum anggota Sudishub Jaksel dan oknum polisi mengamuk kepada seorang pengendara mobil di Jalan Widya Chandra, Kuningan Barat, Mampang Prapatan, Jakarta Selatan pada Selasa (25/10/2022). “Informasi yang dihimpun, oknum petugas tersebut mengamuk karena pengendara mobil menolak untuk diderek karena parkir liar. Pengendara mobil tersebut diduga akan melarikan diri dan membahayakan petugas,” tulis unggahan tersebut. Dalam postingan juga disebutkan oknum petugas memukul kaca spion mobil untuk menghalangi pengendara mobil kabur.   Reporter: Lydia Fransisca Merdeka.com * Fakta atau Hoaks? Untuk mengetahui kebenaran informasi yang beredar, silakan WhatsApp ke nomor Cek Fakta Liputan6.com 0811 9787 670 hanya dengan ketik kata kunci yang diinginkan. Advertisement"
https://liputan6.com/read/5110522,"Liputan6.com, Jakarta - Sebuah video viral menunjukkan oknum anggota Suku Dinas Perhubungan (Sudishub) DKI Jakarta dan oknum mengamuk kepada seorang pengendara mobil di Jalan Widya Chandra, Kuningan Barat, Mampang Prapatan, Jaksel. Dalam video yang diunggah akun Instagram @merekamjakarta dijelaskan bahwa peristiwa tersebut terjadi pada Selasa (25/10/2022). “Informasi yang dihimpun, oknum petugas tersebut mengamuk karena pengendara mobil menolak untuk diderek karena parkir liar. Pengendara mobil tersebut diduga akan melarikan diri dan membahayakan petugas,” tulis unggahan tersebut.  Baca Juga  Dalam postingan juga disebutkan oknum petugas memukul kaca spion mobil untuk menghalangi pengendara mobil kabur. Menanggapi hal tersebut, Kepala Dinas Perhubungan (Dishub) DKI Jakarta Syafrin Liputo mengungkapkan kronologi kejadian sebenarnya. Syafrin menjelaskan, peristiwa terjadi saat Tim Lintas Jaya yang terdiri dari Dishub DKI, Kepolisian, dan Garnisun melakukan patroli terhadap pelanggaran parkir liar. “Sekitar pukul 14.00 WIB kemarin, tanggl 25 tepatnya, itu ada ditemukan ada lima kendaraan yang melakukan pelanggaran parkir liar. Nah yang empat itu ada pengemudinya di dalam mobil sehingga begitu petugas datang, yang empat langsung pergi. Nah mobil yang satu ini ditinggal oleh pengemudinya. Artinya, begitu ditinggal, itu sudah jelas menjadi pelanggaran parkir kan,” kata Syafrin kepada merdeka.com ketika dihubungi, Jumat (28/10/2022). Kemudian petugas gabungan mencari pengemudi tersebut. Namun, saat petugas ingin melakukan penderekkan, pengemudi tersebut datang dan langsung masuk ke dalam mobilnya.    Sebuah video yang menampilkan detik-detik oknum anggota Dishub merusak spion pengendara mobil viral di media sosial.

Diketahui, oknum tersebut kesal lantaran pengemudi mobil enggan diderek karena parkir liar di Jalan Widya Chandra, Kuningan Barat,... “Petugas kita seperti prosedur tetapnya (protap) menjelaskan, 'mobil bapak melanggar parkir dan akan diderek', tapi yang bersangkutan tidak membuka kaca. Malah menghidupkan mesin untuk lari. Nah oleh sebab itu, protapnya, petugas kepolisian langsung berdiri di belakang. Pada saat petugas kepolisian di belakang mobil, itu hampir ditabrak oleh si pengemudi karena dia mundur kan. Nah dengan posisi itu, ya namanya di lapangan, langsung emosi lah di lapangan,” tutur Syafrin bercerita. Lebih lanjut, Syafrin menyebut bahwa pihaknya telah melakukan mediasi antara pelanggar lalu lintas tersebut dengan petugas Dishub. Kasus ini pun berakhir damai. Namun begitu, Dishub DKI tetap memberikan sanksi terhadap petugas tersebut. “Jadi artinya ini sudah selesai tetapi kami dari Dishub tetap memberikan sanksi kepada yang bersangkutan karena tidak mengedepankan prinsip humanis persuasif dalam melaksanakan tugas di lapangan. Oleh sebab itu, sanksinya yang bersangkutan kami tarik dari lapangan kemudian di-staff-kan untuk jangka waktu tertentu sambil kami evaluasi,” kata Syafrin.   Reporter: Lydia Fransisca Merdeka.com * Fakta atau Hoaks? Untuk mengetahui kebenaran informasi yang beredar, silakan WhatsApp ke nomor Cek Fakta Liputan6.com 0811 9787 670 hanya dengan ketik kata kunci yang diinginkan. Advertisement"
https://liputan6.com/read/5110523,"Liputan6.com, Bali - Ketua Umum Pengurus Besar Nahdlatul Ulama (PBNU) K.H. Yahya Cholil Staquf meminta Gubernur Bali I Wayan Koster untuk berbicara dan menceritakan mengenai keharmonisan Bali dalam forum Religion of 20 atau R20. ”Agar (Gubernur) bercerita tentang bagaimana Bali mengelola masalah yang luar biasa terkait dukungan antarumat beragama. Padahal pernah terjadi teror bom, tapi tidak sampai meruntuhkan masyarakatnya, tidak sampai menimbulkan perpecahan yang berkepanjangan, dan berhasil mengembalikan harmoni,” kata Gus Yahya, sapaan akrab Yahya Cholil Staquf, dikonfirmasi dari Jakarta, Jumat, dikutip Antara. Baca Juga Hal tersebut merupakan permintaan khusus Gus Yahya sebagai penggagas R20 kepada Gubernur Bali untuk berbicara dalam forum ini. Menurut Gus Yahya, Bali mampu mengelola masyarakat untuk hidup damai. Sementara itu, I Wayan Koster menyatakan sangat mendukung dan siap menyukseskan pertemuan tokoh agama dunia ini pada 2-3 November mendatang. “Saya sangat mendukung gagasan ini, karena ini momentum yang baik untuk membawa peradaban baru ke depan,” ucap Koster dengan tegas.   Viral Benda Asing Mirip UFO Melintas di Langit Sumatera dan Kalimantan dan Jatuh di Samudra Hindia Menanggapi permintaan khusus Gus Yahya agar bercerita tentang harmoni antarumat beragama di Bali, Koster mengaku siap dengan senang hati akan berbagi mengenainya. “Tadi beliau (Gus Yahya) meminta saya hadir di acara gala dinner R20 untuk menyampaikan kehidupan beragama di Bali yang sangat baik sebagai percontohan yang (bisa) diterapkan di negara lain,” ujar Koster sambil memastikan bahwa dirinya siap hadir di R20. Dalam kesempatan tersebut, hadir pula tim panitia R20, di antaranya Timothy Samuel Shah (Panitia Pengarah), Ahmad Suaedy (Ketua Pelaksana), Safira Machrusah (Wakil Ketua Pelaksana), Achmad Ubaedillah (Sekretaris Pelaksana), dan Dahliah Umar (Project Manager). Sedangkan, I Wayan Koster didampingi langsung oleh Kapolda Bali Irjen Putu Jayan Danu Putra. Hadir pula A.A.G.N. Ari Dwipayana, tokoh Bali yang menjabat sebagai Koordinator Staf Khusus Presiden. * Fakta atau Hoaks? Untuk mengetahui kebenaran informasi yang beredar, silakan WhatsApp ke nomor Cek Fakta Liputan6.com 0811 9787 670 hanya dengan ketik kata kunci yang diinginkan. Advertisement"
https://liputan6.com/read/5110524,"Liputan6.com, Gorontalo - Kapolda Gorontalo kembali mengeluarkan putusan tentang Pemberhentian Tidak Dengan Hormat (PTDH) terhadap dua anggota Polisi. Keduanya bernama Briptu Fadli I Suleman dan Briptu Dwi Aprilan Tumulo bertugas di Polda Gorontalo. Kabid Humas Polda Gorontalo Kombes Pol. Wahyu Tri Cahyono mengatakan, bahwa keduanya telah diputuskan dalam sidang Komisi Kode Etik Polri. Mereka terbukti secara sah dan meyakinkan melanggar Kode Etik Profesi Polri.   Baca Juga  Terhadap Briptu Fadli I Suleman diputus PTDH berdasarkan Keputusan Kapolda Gorontalo Nomor : Kep/219/X/2022 tanggal 19 Oktober 2022. Dirinya melanggar pasal 11 Huruf C Perkap 14 Tahun 2011 tentang Kode Etik Profesi Polri Jo Pasal 13 ayat 1 atau pasal 12 ayat 1 huruf A Peraturan Pemerintah RI Nomor 1 tahun 2003. ""Yang bersangkutan diberikan sanksi kode etik karena melakukan tindak pidana penipuan dan penggelapan,"" kata Kombes Pol Wahyu, Jumat (28/10/2022). Sementara Briptu Dwi Aprilian Tumulo di PTDH berdasarkan Keputusan Kapolda Gorontalo Nomor Kep/220/X/2022 tanggal 19 Oktober 2022. Berbeda dengan sebelumnya, kali ini dirinya melanggar Pasal 12 ayat 1 Huruf A Jo pasal 13 Ayat 1 PP RI Nomor 2003 dan pasal 11 Huruf C Perkap Nomor 14 Tahun 2011 tentang Kode Etik Profesi Polri. ""Dia terlibat tindak pidana kecelakaan lalu lintas yang menyebabkan korban dua orang meninggal dunia di mana saat kejadian yang bersangkutan langsung kabur dan tidak bertanggung jawab,"" ungkapnya. ""Kasus keduanya kini telah mendapatkan putusan pengadilan yang berkekuatan hukum tetap,” ungkapnya. “Mudah-mudahan, ini bisa menjadi pembelajaran bagi personel Polri lainnya untuk lebih disiplin dan taat terhadap aturan serta ketentuan yang berlaku di lingkungan Polri, sekaligus ini sebagai informasi kepada masyarakat bahwa status keduanya bukan lagi anggota Polri,” ia menandaskan.   Gaya Polisi Polisi Kocak Dakwah Dadakan di Pasar Banyumas Kapolri Jenderal Listyo Sigit Prabowo menyampaikan, dirinya masih menerima sejumlah laporan dari Divisi Propam Polri terkait pelanggaran oknum anggota kepolisian. Hal tersebut sangat mempengaruhi tingkat kepercayaan publik terhadap Polri. Meski begitu, menurutnya rapor merah pelanggaran anggota harus dijadikan sebagai bahan evaluasi demi meningkatkan kembali kepercayaan publik terhadap Polri. ""Bahwa apa yang diperlihatkan tadi adalah rapor kita. Jadi ya kalau rapor merah jangan kita sobek raportnya tapi bagaimana kemudian kita perbaiki. Sehingga rapornya menjadi biru,"" tutur Listyo dalam video konferensi bersama seluruh jajaran Polri, Kamis (25/11/2021). Menurut Listyo, pelanggaran anggota Polri menjadi potret hidup yang muncul di masyarakat. Tentunya hal tersebut merupakan cermin bagi kepolisian agar terus berbenah dan memperbaiki diri. ""Saya kira hal-hal tersebut akan membuat masyarakat juga memahami kita, Polri berusaha terus lakukan atau laksanakan perubahan internal untuk jadi lebih baik,"" jelas dia. Listyo pun meminta jajaran untuk terus melakukan kerja maksimal dalam melayani masyarakat. Jangan sampai hilang semangat lantaran perbuatan segelintir oknum anggota yang mencoreng nama baik kepolisian. ""Terakhir, kita harus selalu optimis bahwa kepercayaan publik akan terus meningkat dengan terus melakukan perbuatan yang baik,"" Listyo menjelaskan. * Fakta atau Hoaks? Untuk mengetahui kebenaran informasi yang beredar, silakan WhatsApp ke nomor Cek Fakta Liputan6.com 0811 9787 670 hanya dengan ketik kata kunci yang diinginkan. Advertisement"
https://liputan6.com/read/5110525,"Liputan6.com, Jakarta - Transaksi saham PT Bank Maspion Indonesia Tbk (BMAS) signifikan di pasar negosiasi pada perdagangan Jumat, (28/10/2022). Mengutip data RTI, di pasar negosiasi, transaksi saham BMAS mencapai Rp 1,3 triliun. Saham BMAS melonjak 249,26 persen ke posisi Rp 943 per saham. Saham BMAS ditransaksikan sebanyak sembilan kali dengan volume perdagangan 13.334.826 saham. Baca Juga Lonjakan saham BMAS di pasar negosiasi terjadi di tengah gerak Indeks Harga Saham Gabungan (IHSG) yang tertekan. IHSG merosot 0,50 persen ke posisi 7.056,04. Jelang akhir pekan, IHSG berada di level tertinggi 7.100,80 dan terendah 7.016. Sebanyak 348 saham melemah dan 184 saham menguat. 160 saham diam di tempat. Total frekuensi perdagangan 1.137.024 kali dengan volume perdagangan 22,8 miliar saham. Nilai transaksi harian Rp 12,7 triliun. Sementara itu, di pasar regular, saham BMAS naik tipis 0,78 persen ke posisi Rp 1.300 per saham. Saham BMAS dibuka stagnan di posisi Rp 1.290 per saham. Saham BMAS berada di level tertinggi R. 1.325 dan terendah Rp 1.265 per saham. Total frekuensi perdagangan 61 kali dengan volume perdagangan 13.336.028 saham. Nilai transaksi Rp 1,3 triliun. Berdasarkan data RTI per 30 September 2022, pemegang saham Bank Maspion antara lain PT Alim Investindo sebesar 62,01 persen, PT Maspion sebesar 12,46 persen, Kasikornbank Public Company Ltd sebesar 9,99 persen. Selain itu, PT Guna Investindo sebesar 5,87 persen, masyaraakt sebesar 5,56 persen. Kemudian Alim Markus sebesar 1,22 persen, Alim Mulia Sastra sebesar 0,98 persen, Wabah virus corona COVID-19 tidak hanya berpengaruh terhadap kesehatan masyarakat, namun berdampak pula pada pertumbuhan ekonomi negara. Hal ini berdampak bagi bursa saham dan nilai tukar rupiah. Sebelumnya, Kasikorn Visional Financial Company Pte Ltd (KVF) akan mengambilalih saham PT Bank Maspion Indonesia Tbk (BMAS). Dengan pengambilalihan saham tersebut, KVF bersama induk usaha Kasikornbank Public Company Limited (KBank) akan memiliki 67,50 persen saham BMAS. Mengutip keterbukaan informasi ke Bursa Efek Indonesia (BEI), Kamis (21/7/2022), pengambilalihan saham Bank Maspion oleh KVF ini dengan gabungan dari akuisisi 1,33 miliar saham atau 30,01 persen dari sejumlah penjual dan pengambil bagian atas saham baru melalui penambahan modal dengan hak memesan efek terlebih dahulu (HMETD) atau rights issue. KVF akan membeli 1,33 miliar saham BMAS atau 30,01 persen dari PT Alim Investindo sebesar 8,17 persen, PT Maspion sebesar 12,46 persen, PT Husin Investama sebesar 2,81 persen, PT Maspion Investindo sebesar 2,46 persen. Kemudian Alim Markus sebesar  1,22 persen, Alim Mulia Sastra sebesar 0,98 persen, Alim Prakasa sebesar 0,98 persen, Gunardi sebesar 0,44 persen dan Alim Puspita sebesar 0,49 persen. Dengan akuisisi tersebut, KVF memiliki 30,01 persen, Kasikorn Public Company Limited sebesar 9,99 persen, PT Guna Investindo sebesar 5,87 persen, PT Alim Investindo sebesar 53,84 persen, dan masyarakat sebesar 0,29 persen.   Advertisement Selain itu, pengambil bagian atas saham baru melalui rights issue sehingga modal inti perseroan akan meningkat menjadi sekurang-kurangnya Rp 3 triliun. Perseroan akan rights issue dengan menerbitkan 4,17 miliar saham baru atau sebanyak-banyaknyua 48,45 persen dari modal disetor perseroan. Saham yang akan dikeluarkan perseroan itu saham dengan nilai nominal Rp 100 per saham. Adapun asumsi jika seluruh pemegang saham masyarakat melaksanakan seluruh HMETD miliknya, pemegang saham BMAS antara lain PT Alim Investindo sebesar 29,18 persen, PT Guna Investindo sebesar 3,02 persen, Kasikornbank Public Company Limited sebesar 5,15 persen, Kasikorn Vision Financial Company Pte Ltd sebesar 62,35 persen, dan masyarakat 0,30 persen. Jika seluruh pemegang saham tidak akan melaksanakan seluruh HMETD miliknya, PT Alim Investindo genggam 29,22 persen, PT Guna Investindo sebesar 3,03 persen, Kasikorbank Public Company Limited sebesar 5,16 persen, Kasikorn Vision Financial Company Pte Ltd sebesar 62,44 persen dan masyarakat sebesar 0,15 persen. Untuk mengambil alih saham Bank Maspion tersebut, KVF akan memakai kas internal yang disuntikkan oleh KBank sebagai ultimate shareholdernya untuk mengambil alih saham di perseroan. Setelah pengambilalihan saham BMAS, sesuai POJK 9 pemegang saham pengendali pun akan melakukan penawaran tender wajib untuk mengambil alih sisa saham yang dimiliki oleh pemegang saham publik. Penawaran tender wajib akan dilakukan jika seuai dengan POJK 12 dan POJK 56, OJK izinkan KVF untuk memiliki saham di perseroan melebihi batas yang diperbolehkan berdasarkan batasan kepemilikan saham yang berlaku. Sebagai akibat pengambilalihan ini, perseroan menyatakan tidak akan memberhentikan karyawan. Sebagai pemegang saham pengendali baru, KVF akan mencalonkan direktur dan komisaris baru di jajaran direksi dan komisaris perseroan. Adapun KVF mengambilalih saham BMAS untuk mendukung strategi investasi di sektor keuangan dalam rangka memperluas kegiatan usaha dan perusahaan induknya KBank di bidang jasa keuangan.   * Fakta atau Hoaks? Untuk mengetahui kebenaran informasi yang beredar, silakan WhatsApp ke nomor Cek Fakta Liputan6.com 0811 9787 670 hanya dengan ketik kata kunci yang diinginkan. Advertisement"
https://liputan6.com/read/5110526,"Liputan6.com, Jakarta Selama puluhan tahun artis kerap dijadikan role model masyarakat baik soal pencapaian, gaya busana, riasan wajah dan rambut, hingga postur tubuh. Generasi Instagram menyebut yang terakhir sebagai body goals. Beauty enthusiast dokter Xanya Sofra menyoroti fenomena body goals artis. Ketika ditanya siapa selebritas yang kini menjadi trend setter atau body goals, ia menjawab ringkas, “Saya.” Ia tak bermaksud menyombongkan diri melainkan mengirim pesan penting bahwa sudah bukan zamannya lagi ingin menjadi orang lain. “Karena faktanya Anda tidak bisa menjadi Angelina Jolie,” ia mengingatkan.  Baca Juga  Xanya Sofra menyebut, setiap orang bisa jadi versi terbaik dari dirinya. Itu yang terpenting. “Maksud saya, dengan kemajuan teknologi, untuk jadi trend setter Anda tak perlu harus jadi figur publik atau artis dulu.”   Dalam kurun waktu 10 bulan, Gianna Sciortino berhasil menurunkan berat badannya yang semula 107 kilogram menjadi 50 kilogram saja. Kini, Gianna sukses menjadi seorang artis dan influencer terkenal dengan tubuh ideal. Medsos memungkinkan seseorang menjaring banyak pengikut dan meraih popularitas. Dari situ, Anda bisa menjadi trend setter tanpa harus jadi korban mode atau mengikuti standar kecantikan para pesohor. Xanya Sofra menyampaikan ini dalam gelar wicara “Hormonal Imbalance bersama Lavalen” di Jakarta, Kamis (27/10/2022). Dalam kesempatan itu, Lavalen memperkenalkan LVN Virtual Gym Series.   * BACA BERITA TERKINI LAINNYA DI GOOGLE NEWS Advertisement Virtual Gym Series adalah perawatan yang berfokus kepada peningkatan metabolisme tubuh, yaitu meningkatkan stamina, mengurangi secara drastis lemak visceral, dan mendorong terjadi defisit kalori. “Hasil studi klinis kami di Universitas London menunjukkan satu jam menggunakan alat Virtual Gym ini berpotensi setara dengan dua bulan latihan di sasana,” Xanya Sofra menerangkan.   Berbagai uji klinis yang dilakukannya menunjukkan metode ini berdampak positif pada penurunan berat badan, pengurangan selulit, membentuk otot, detoksifikasi tubuh, mengurangi rasa lapar, hingga menaikkan konsentrasi. “Bagi yang baru saja bersalin, metode ini mendorong lymphatic drainage dengan hasil mengurangi pembengkakan kaki, keringat, dan selulit. Efek-efek ini jelas berkontribusi ke peningkatan kesehatan sekaligus kebahagiaan,” imbuhnya. Dengan demikian, kata Xanya Sofra, seseorang tetap bisa jadi diri sendiri dalam versi terbaik. Maka tak perlu lagi role model orang terkenal karena cantik pada hakikatnya penerimaan diri dan berkomitmen menjadi lebih baik. * Fakta atau Hoaks? Untuk mengetahui kebenaran informasi yang beredar, silakan WhatsApp ke nomor Cek Fakta Liputan6.com 0811 9787 670 hanya dengan ketik kata kunci yang diinginkan. Advertisement"
https://liputan6.com/read/5110527,"Liputan6.com, Yogyakarta - Asmaragama atau Asmaragomo merupakan naskah kuno Jawa yang berisi ajaran mengenai seks. Naskah ini tidak ditemukan nama penulisnya, tetapi melalui cerita yang tertuang di dalamnya, naskah ini disebutkan bahwa Serat Asmaragama diajarkan oleh Dewa Guru. Melansir dari warisanbudaya.kemdikbud.go.id, ajaran ini dibagi menjadi lima bagian yang disebut pancomahendah. Masing-masing bagian tersebut harus di lakukan secara berurutan. Ajaran teks dalam Asmaragama diberikan sebagai upaya untuk memperoleh keturunan yang baik serta memperoleh kenikmatan dalam berhubungan ranjang. Dalam Asmaragama, disebutkan bahwa kenikmatan hubungan seks setiap hari berpindah-pindah, sesuai dengan tanggal saat melakukan hubungan.  Baca Juga  Asmaragama tidak melulu mengajarkan tentang teknik perseanggamaan atau hubungan seks. Lebih dari itu, terdapat beberapa tahap yang harus dilewati, di antaranya Asmaranala, Asmaratura, Asmaraturida, Asmaradana, Asmaratantra, dan diakhiri dengan Asmaragama. Asmaranala merupakan tahap ketika pasangan suami-istri telah memiliki rasa cinta kasih satu sama lain. Dalam tahap ini, telah terjadi keterikatan batin yang memunculkan rasa kasmaran dan kepedulian.   Penyakit menular seksual ternyata tak hanya ditularkan melalui hubungan seks atau kontak kelamin semata.  Salah satunya Herpes, waspadalah terhadap penyakit herpes, karena penyakit ini tak hanya ditularkan melalui kontak seksual.  Selanjutnya, Asmaratura yang memiliki makna daya tarik yang berasal dari pandangan. Tahap ini juga bisa disebut tahap ketertarikan fisik. Hal tersebut bisa berupa pujian atau rayuan terhadap fisik pasangan. Tahap ini dinilai bisa menjaga keharmonisan pasangan suami-istri. Pada tahap Asmaraturida, pasangan akan memiliki makna daya tarik yang berasal dari suara. Hal ini dapat berupa desahan, erangan manja, atau tawa. Kemudian tahap Asmaradana, yakni daya tarik yang berasal dari ucapan atau pemilihan kalimat. Rangkaian kalimat-kalimat indah akan mampu membuat luluh pasangan. Lalu, tahap Asmaratantra. Pada tahap ini, pasangan suami-istri biasanya telah memiliki 'getaran' satu sama lain. Hal ini mengarah pada tindakan yang membuat gairah semakin berkobar, seperti berciuman. Tahapan terakhir adalah Asmaragama. Tahap inilah yang menjadi pintu gerbang persenggamaan. Jika kelima tahap sebelumnya diterapkan sehari-hari, maka tahap ini akan dapat dilalui dengan mudah. Tahap Asmaragama mengajarkan untuk tidak tergesa-gesa. Berbagai persiapan seperti membersihkan diri dan bersemedi, seperti yang konon dilakukan para raja, mengandung makna pembersihan diri dan hati sebelum melakukan persenggamaan. (Resla Aknaita Chak) * Fakta atau Hoaks? Untuk mengetahui kebenaran informasi yang beredar, silakan WhatsApp ke nomor Cek Fakta Liputan6.com 0811 9787 670 hanya dengan ketik kata kunci yang diinginkan. Advertisement"
https://liputan6.com/read/5110528,"Liputan6.com, Jakarta - Sepatu atau sneakers jadi perlengkapan wajib saat kita bepergian. Tak hanya berfungsi melindungi kaki, sneakers sudah jadi bagian dari gaya hidup bagi sebagian orang. Ada banyak brand maupun model sneakers yang digemari dan kerap berubah seiring waktu. Tak heran kalau pameran maupun event lainnya seputar sneakers selalu ramai didatangi banyak pengunjung. Salah satunya di Summarecon Mall Bekasi (SMB).  Untuk kedua kalinya Summarecon Mall Bekasi menggelar event “Bekasi Sneakers Expo” selama empat hari mulai 27 sampai 30 Oktober 2022 mendatang yang bertempat di area The Oval lantai dasar SMB.  Baca Juga  Rangkaian acara Bekasi Sneakers Expo edisi kali ini menghadirkan puluhan booth yang terdiri dari berbagai macam merek lokal maupun internasional yang menawarkan sepatu, apparel, aksesori, perawatan sepatu hingga penampilan musisi rapper, talkshow dan masih banyak lagi.  Ugi Cahyono selaku Center Director Summarecon Mall Bekasi mengatakan, tren sneakers di Indonesia setiap tahunnya selalu mengalami peningkatan seiring dengan munculnya beragam model dan variasi dari berbagai brand-brand sneakers ternama. ""Kami harap rangkaian acara ini bisa mengedukasi pengunjung mengenai tren sneakers sekaligus memenuhi keinginan pengunjung dan warga Bekasi untuk bisa memiliki beragam sneakers kekinian,"" terangnya, dalam keterangan tertulis yang diterima Liputan6.com. Para pengunjung akan disambut dengan pintu masuk yang didekorasi bernuansa olahraga bola basket lengkap dengan ring basket dan replika para pemainnya saat memasuki area pameran di The Oval lantai dasar Di area panggung juga didesain mirip arena lapangan basket. Di sana para pengunjung dapat bebas berswafoto untuk diunggah ke media sosial. Tanpa harga tiket masuk, pengunjung dapat berburu produk-produk sneakers favorit dengan total 22 booth. Di antaranya adalah Adaditaufiks, Hypebills, Planet Sneakers Jakarta, Yozugood, Bootsdept, League Lab dan masih banyak lagi. Beragam merek sneakers yang dihadirkan termasuk merek Internasional dan lokal seperti Adidas, Nike, New Balance, Puma, Vans, dan Wakai. Acara Bekasi Sneakers Expo terasa semakin meriah dengan penampilan penyanyi sekaligus rapper Tanah Air, yaitu Basboi pada 29 Oktober 2022, pukul 19.00 WIB). Walaupun mahal, mereka rela merogoh kocek lebih dalam demi dapatkan sepatu favorit. Beragam merek sneakers yang dihadirkan termasuk merek Internasional dan lokal seperti Adidas, Nike, New Balance, Puma, Vans, dan Wakai.  Acara Bekasi Sneakers Expo terasa semakin meriah dengan penampilan penyanyi sekaligus rapper Tanah Air, yaitu Basboi pada 29 Oktober 2022, pukul 19.00 WIB). Lalu ada acara hiburan musik lainnya yang tampil setiap hari, seperti DJ Performance dan Acoustic Performance. Tak kalah seru, pengunjung dapat mengikuti Talkshow bersama dengan para narasumber yang akan sharing knowledge seputar sneakers yaitu Pandu Polo dan Dr. Tirta (30 Oktober 2022, pukul 16.00 WIB). Untuk menambah kemeriahan rangkaian acara Bekasi Sneakers Expo tahun ini, hadir juga beragam kompetisi di antaranya Basketball Freestyle (29 Oktober 2022). Acara ini menghadirkan streetballer/basketball freestyler legend dari Indonesia yaitu Richard Insane serta Pong Competition by Pong Indonesia (30 Oktober 2022). Jangan lewatkan juga program Insta-Auction yang akan melelang secara online via Instagram berupa 2 pasang sneakers terkini dari merek ternama yaitu Nike dan New Balance. Untuk informasi lebih lanjut ikuti akun Instagram @summareconmal.bekasi. Advertisement Di tahun lalu, meski masih banyak pembatasan, Summarecon Mall Bekasi juga menggelar pameran tematik Bekasi Sneakers Expo 2021. Acara itu bersamaan dengan kehadiran wahana terbaru bertajuk Kiki Koko World. Menurut Center Director Summarecon Mall Bekasi, kegiatan itu diadakan sesuai dengan ketentuan dari Pemerintah berupa pelonggaran pelaksanaan PPKM yang saat itu masuk PPKM Level 2 di Kota Bekasi. Namun dalam hal ini pelaksanaannya tetap dilaksanakan dengan protokol kesehatan yang ketat dan penuh pengawasan. Hal ini tentunya dilakukan untuk membuat pengunjung tetap merasa nyaman dan aman dalam menikmati beragam acara yang ada. Kedua event ini akan kembali melengkapi pengalaman belanja pengunjung di Summarecon Mall Bekasi seiring dengan kelonggaran dari pelaksanaan PPKM Level 2 sesuai dengan ketentuan Pemerintah Kota Bekasi Nomor : 443.1/1734/SET.COVID-19. Wahana Kiki Koko World akan berlangsung mulai dari 5 November 2021--6 Maret 2022, yang dibuka setiap hari mulai pukul 11.00--21.00 WIB.  Para pengunjung dapat membeli tiket seharga Rp35.000 per orang setiap harinya, sementara untuk Bekasi Sneakers Expo akan berlangsung dari 5--14 November 2021 di The Oval, Lantai Dasar. Dalam pameran kali ini hadir 14 tenant yang menawarkan produk sneakers, apparel dan aksesori. Produk yang dihadirkan adalah Puma, Nike, Adidas, New Balance, Converse, Hush Puppies, Vans serta beberapa merek lokal seperti Brodo, Wakai, BFLY dan masih banyak lagi. Untuk lebih memeriahkan acara, ragam hiburan akan hadir mulai dari talkshow membahas seputar sneakers. Tampil sebagai pembicara Dimas Indro pada 6 November 2021 dan Rico Lubis pada 13 November 20221, serta penampilan hiburan lainnya. Di kalangan pencinta fesyen khususnya sepatu, nama Anugrah Aditya sangat dikenal. Di akun Instagram terverifikasinya, ia kerap mengunggah koleksi sneakers dengan padu padannya.Konten kreator ini senang dengan warna hitam atau monokrom. Di medsos, ia berbagi rekomendasi dari sneakers hingga tempat ngopi paling cihuy dan kebanjiran respons positif warganet Indonesia. ""Dulu gue bermusik sebenarnya. Dan salah satu requierment manggung adalah harus tampil maksimal. Plus gue tipe orang yang kalau perform jejingkrakan. Jadi kalau di atas panggung mesti pakai sneakers,"" ujar selebgram dengan 60 ribuan pengikut ini. Dari sanalah kecintaan terhadap sneakers bermula. Ditambah, Anugrah Aditya senang olahraga. Hingga kini, ia mengoleksi lebih dari 50 pasang sepatu. Saat beli sepatu, pemilik akun Instagram @adityalogi menetapkan tiga syarat. ""(Pertama, gue beli sepatu yang) jelas akan gue pakai. Kedua, kemudahan untuk dipadupadankan dengan outfit, karena sneakers yang enak itu satu hal, tapi punya siluet bentuk dan warna yang bisa dipadukan dengan baju itu hal lain,"" katanya.  ""Ketiga, bentuk yang simpel. Gue enggak terlalu suka yang warna-warni, lebih suka satu tone atau monokrom,"" terangnya dalam siaran langsung di akun Instagram Riley’s, pekan ini. Setelahnya, Anugrah Aditya menerawang tren sneakers 2022. ""Dari segi tone warna dan bentuk, sekarang kita kembali ke simpel. Dimulai dari vintage trend di dunia, yang dari masa lalu sekarang cenderung disukai. Karena tren tempo dulu kan relatif enggak macam-macam,"" Anugrah Aditya mengulas. * Fakta atau Hoaks? Untuk mengetahui kebenaran informasi yang beredar, silakan WhatsApp ke nomor Cek Fakta Liputan6.com 0811 9787 670 hanya dengan ketik kata kunci yang diinginkan. Advertisement"
https://liputan6.com/read/5110529,"Liputan6.com, Jakarta Dennis Adhiswara dan Della Dartyan tampil bersama di layar lebar dalam film bergenre horor komedi yang diberi judul Perjanjian Gaib. Proses pembuatan film Perjanjian Gaib besutan Hadrah Daeng Ratu dengan naskah karya Lele Laila ini tak memiliki kendala berarti. Pasalnya Dennis tak mengalami kesulitan selama menjalin chemistry dengan Della Dartyan. Sang aktor malah mengaku semangat pada saat beradu akting dengan aktis lawan mainnya itu. Ia berusaha sebisa mungkin agar penampilannya dengan Della tidak menjomplang. ""Saya sering nonton film Della dan di sini perannya berbeda. Ketika ada bersama Della saya berusaha mengimbangi karena nggak mau jomplang. Bersyukur suasananya supportif, sutradara juga memantau dari saat reading,"" kata Dennis di kawasan Senayan, Jakarta Pusat, Jumat (28/10/2022).  Baca Juga    Bergenre horor komedi, diakui oleh Dennis Adhiswara dan Della Dartyan bahwa cerita Perjanjian Gaib tidak dimaksudkan memancing tawa. Namun situasi dan respons mereka malah memberi warna berbeda. ""Sebenarnya komedi di film ini bukan yang sengaja kita buat, tapi nggak sengaja kita buat. Dan pas kita lakukan pada ketawa,"" tutur Della pada kesempatan yang sama. ""Pada dasarnya ini tragedi buat karakter utamanya, tapi bagi penonton ini lucu. Dari baca presminya saja sudah lucu, padahal itu sesuatu tragedi,"" sambung Dennis.   Advertisement Kisah dalam Perjanjian Gaib ini dianggap mampu menyentil fenomena sosial. Pasalnya, banyak orang ingin kaya raya tapi tidak punya skill mumpuni. ""Cerita film ini akan dekat dengan semua orang, akan relate dengan semua orang yang punya mimpi. Sepasang suami istri di sini punya mimpi yang tinggi tapi skill mereka kurang. Jadi gimana caranya supaya mereka bisa jadi kaya raya dengan menghalalkan segala cara,"" ujar Della.   Perjanjian Gaib berkisah tentang suami istri dengan kondisi ekonomi kurang beruntung. Mereka kemudian mengambil pekerjaan sebagai perawat dari wanita tua kaya raya. Saat wanita tua itu tiba-tiba meninggal, pasangan ini berusaha menutupinya dengan berbagai cara. Film yang juga dibintangi Ayu Laksmi ini akan tayang pada 2023 mendatang. * Fakta atau Hoaks? Untuk mengetahui kebenaran informasi yang beredar, silakan WhatsApp ke nomor Cek Fakta Liputan6.com 0811 9787 670 hanya dengan ketik kata kunci yang diinginkan. Advertisement"
https://liputan6.com/read/5110530,"Liputan6.com, Banyumas - Undang-undang perkawinan mensyaratkan sebuah pernikahan harus tercatat oleh negara. Sejak itu, secara perlahan nikah siri atau nikah secara agama perlahan berkurang. Meski telah berkurang secara drastis, bukan berarti praktik nikah siri telah hilang sama sekali. Seringkali terjadi, pasangan memilih menikah siri dengan berbagai alasan berbeda. Lantaran tak tercatat, tidak jarang praktik nikah di bawah tangan ini menimbulkan dampak negatif (madharat) terhadap istri ataupun anak yang dilahirkannya. Sebab meski sah secara agama, tetapi pernikahan tidak memiliki kekuatan hukum sehingga dianggap tidak pernah ada dalam catatan negara. Dampak negatif yang bisa saja terjadi misalnya, status anak disamakan dengan anak di luar nikah, atau istri dan anak tidak memiliki hak waris di mata hukum. Selain itu, secara hukum suami tidak memiliki kewajiban untuk memberi nafkah. Sehingga jika suatu saat suami pergi begitu saja dan menelantarkan anak istrinya, maka istri akan sulit menggugat dan menuntut hak atas diri dan anaknya.  Baca Juga  Oleh karenanya, Majelis Ulama Indonesia memandang perlu menetapkan fatwa tentang nikah di bawah tangan untuk dijadikan pedoman. Fatwa MUI No 10 Tahun 2008 tentang Nikah di Bawah Tangan menyatakan beberapa kesimpulan sebagai berikut: Mengutip laman MUI, ketentuan umum yaitu nikah di bawah tangan yang dimaksud dalam fatwa ini adalah “Pernikahan yang terpenuhi semua rukun dan syarat yang ditetapkan dalam fiqh (hukum Islam) namun tanpa pencatatan resmi di instansi berwenang sebagaimana diatur dalam peraturan perundang-undangan”. Sementara itu, ketentuan hukum yang pertama, pernikahan di bawah tangan hukumnya sah karena telah terpenuhi syarat dan rukun nikah, tetapi haram jika terdapat madharrat. Kedua, pernikahan harus dicatatkan secara resmi pada instansi berwenang, sebagai langkah preventif untuk menolak dampak negatif madharrat (saddan lidz-dzari’ah).Dalam fatwa yang ditandatangani di Jakarta, 17 September 2008 ini, mengutip sejumlah ayat Al-Qur'an dan hadis. Di antara dalil ayat al-quran adalah sebagai berikut: Surat Ar Rum ayat 21 “Di antara tanda-tanda (kebesaran)-Nya ialah bahwa Dia menciptakan pasangan-pasangan untukmu dari (jenis) dirimu sendiri agar kamu merasa tenteram kepadanya. Dia menjadikan di antaramu rasa cinta dan kasih sayang. Sesungguhnya pada yang demikian itu benar-benar terdapat tanda-tanda (kebesaran Allah) bagi kaum yang berpikir.” (Q Ar-Rūm [30]:21) Surat An-Nisa ayat 59 “Wahai orang-orang yang beriman, taatilah Allah dan taatilah Rasul (Nabi Muhammad) serta ululamri (pemegang kekuasaan) di antara kamu. Jika kamu berbeda pendapat tentang sesuatu, kembalikanlah kepada Allah (Al-Qur’an) dan Rasul (sunahnya) jika kamu beriman kepada Allah dan hari Akhir. Yang demikian itu lebih baik (bagimu) dan lebih bagus akibatnya (di dunia dan di akhirat).” (QS An-Nisā’ [4]:59)   Janji Suci Dua Sejoli di Kampung Lockdown di Purbalingga Di samping dalil dari ayat Alquran di atas, terdapat beberapa hadits Rasulullah SAW yang dijadikan landasan penetapan fatwa, yaitu: “Dengarlah dan taatilah sekalipun yang memimpin kalian adalah seorang budak habsyi, seolah-olah kepalanya gimbal.” (HR. Bukhari) “Wanita itu (boleh) dinikahi karena empat hal, (1) karena hartanya, (2) karena keturunannya, (3) karena kecantikannya dan (4) karena agamanya. Maka pilihlah karena agamanya, niscaya kamu akan beruntung.” (HR. Muttafaq ‘alaih) “Laksanakanlah walimah sekalipun hanya dengan menyembelih seekor kambing.” (HR. Bukhari) “Umumkanlah pernikahan dan pukullah rebana ntuk mengumumkannya.” (HR Hakim, Ahmad, dan at-Tirmidzi) “Tidak boleh berbuat mudarat dan hal yang menimbulkan mudarat.” (HR. Ibnu Majah, Malik, dan Ahmad) Selain itu, acuan yang dirujuk oleh MUI dalam mengesahkan fatwa adalah dengan meninjau kaidah fikih yang berbunyi: “Mencegah kemafsadatan lebih didahulukan (diutamakan) dari pada mengambil kemaslahatan.” Demikian beberapa landasan atau dalil dalam fatwa MUI terkait hukum nikah di bawah tangan. Diharapkan fatwa ini bisa dijadikan pedoman, sehingga praktek nikah di bawah tangan yang tidak dicatat secara resmi di instansi berwenang dapat diminimalkan. (Sumber:https://mui.or.id/tanya-jawab-keislaman/muamalah/40468/nikah-siri-bisa-dihukumi-haram-ini-penjelasan-dan-argumentasinya/) Tim Rembulan * Fakta atau Hoaks? Untuk mengetahui kebenaran informasi yang beredar, silakan WhatsApp ke nomor Cek Fakta Liputan6.com 0811 9787 670 hanya dengan ketik kata kunci yang diinginkan. Advertisement"
https://liputan6.com/read/5110531,"Liputan6.com, Jakarta Menteri Koordinator Bidang Perekonomian Airlangga Hartarto dan Menteri Perindustrian Agus Gumiwang Kartasasmita ke Amerika Serikat bertemu dengan Masyarakat Indonesia yang tinggal di wilayah New York City dan sekitarnya pada Rabu (26/10). Pertemuan berlangsung di Konsulat Jenderal RI, New York. Suasana hangat dalam acara pertemuan mengimbangi cuaca yang semakin sejuk menjelang akhir musim gugur dan mendekati musim dingin di New York. Kehangatan itu juga ditimpali dengan suguhan masakan Indonesia seperti soto betawi, sate lilit, pisang goreng, dan wedang jahe. Baca Juga “Kunjungan kali ini bertujuan untuk menggalang dukungan Amerika Serikat terhadap Keketuaan Indonesia dalam G20,” ungkap Menko Airlangga dalam sambutan pembuka. Namun, persiapan keketuaan Indonesia pada G-20 tidak menjadi satu-satunya pokok pembicaraan. Masyarakat Indonesia tertarik juga membahas berbagai topik lain termasuk situasi demokrasi di Indonesia. Iklim investasi, program unggulan bagi angkatan kerja, dan visi perdagangan Indonesia ke depan juga mendapat sorotan. Khusus isu demokrasi, masyarakat dan diaspora Indonesia di New York City menyampaikan harapan agar situasi Indonesia tetap aman, damai dan stabil, utamanya menjelang Pemilihan Umum 2024.   Terkait isu iklim investasi dan potensi ekspor Indonesia, beberapa peserta mengutarakan harapan agar Pemerintah Indonesia dapat terus meningkatkan kapasitas para produsen nasional agar dapat menghasilkan komoditas unggulan yang berdaya saing di tingkat internasional. “Program Kartu Prakerja dan kerja sama sekolah vokasi dengan pelaku bisnis merupakan salah satu dari berbagai program unggulan nasional yang bertujuan untuk meningkatkan kapasitas SDM Indonesia,” pungkas Menko Airlangga. Temu masyarakat ini dihadiri oleh sekitar 50 orang yang berasal dari berbagai perwakilan komunitas WNI atau diaspora Indonesia di New York. Di antara peserta yang hadir, terdapat perwakilan dari Nusantara Foundation, Perwakrin USA, Maesa Amerika, Paguyuban Cakra, Persadaan Bangso Batak, Keluarga Katolik Indonesia, Kerukunan Keluarga Sulawesi Selatan, Indonesian Senior Club, Indonesian House of New York, Indonesia Professional Association, dan mahasiswa yang tergabung dalam PERMIAS NYC. Di Kabinet Jokowi Jilid II, ada beberapa menteri digadang-gadang akan jadi calon presiden pada kontestasi Pilpres 2024. Sebut saja Erick Thohir, Airlangga Hartarto, hingga Sandiaga Uno yang namanya santer terdengar dan mulai menarik simpati masyaraka... * Fakta atau Hoaks? Untuk mengetahui kebenaran informasi yang beredar, silakan WhatsApp ke nomor Cek Fakta Liputan6.com 0811 9787 670 hanya dengan ketik kata kunci yang diinginkan. Advertisement"
https://liputan6.com/read/5110532,"Liputan6.com, Jakarta Menteri Keuangan menilai, kenaikan harga Bahan Bakar Minyak (BBM) subsidi sebesar 30 persen pada September kemarin berdampak kecil kepada daya beli masyarakat. Dalam kenaikan BBM tersebut, pemerintah memutuskan mendongkrak harga Pertalite dari Rp 7.650 per liter menjadi Rp 10.000 per liter. Kemudian, Solar subsidi dari Rp 5.150 per liter menjadi Rp 6.800 per liter. Baca Juga Artikel mengenai dampak harga BBM ini menjadi salah satu artikel yang banyak dibaca. Selain itu masih ada beberapa artikel lain yang layak untuk disimak. Lengkapnya, berikut ini tiga artikel terpopuler di kanal bisnis Liputan6.com pada Sabtu 29 Oktober 2022: 1. Sri Mulyani: Harga BBM Naik, tapi Masih Macet di Mana-mana Menteri Keuangan (Menkeu) Sri Mulyani Indrawati menilai, kenaikan harga Bahan Bakar Minyak (BBM) subsidi sebesar 30 persen beberapa waktu lalu berdampak kecil terhadap daya beli masyarakat. Hal ini tercermin dari fenomena kemacetan yang masih terjadi di jalanan ibu kota Jakarta meski BBM mahal. Selain itu, petumbuhan ekonomi Indonesia juga masih bertahan di atas 5 persen hingga memasuki kuartal III-2022. Meskipun, harga BBM subsidi mengalami kenaikan imbas lonjakan harga minyak dunia akibat konflik Rusia dan Ukraina. Simak artikel selengkapnya di sini   Menteri Koordinator Bidang Kemaritiman dan Investasi, Luhut Binsar Pandjaitan, mengklaim perdebatan soal pembengkakan biaya (cost overrun) yang terjadi di proyek Kereta Cepat Jakarta-Bandung (KCJB) antara Indonesia dan China sudah tuntas. ""Kereta Cepat (Jakarta-Bandung) saya kira bagus. Cost overrun sudah kita selesaikan,"" ujar Menko Luhut, Jumat (28/10/2022). Simak artikel selengkapnya di sini   Advertisement Presiden Joko Widodo (Jokowi) menugaskan Perum Bulog bukan hanya menjaga kepastian stok beras di pasar domestik, tapi juga jagung dan kedelai. Ketentuan ini sesuai dengan Peraturan Presiden (Perpres) Nomor 125 tahun 2022 tentang Penyelenggaraan Cadangan Pangan Pemerintah. Aturan baru tersebut bakal semakin memberatkan Bulog. Pasalnya, menurut laporan Badan Pangan Nasional, stok cadangan beras pemerintah (CBP) yang dikelola Bulog tercatat hanya 676.613 ton per Oktober 2022. Jumlah itu menurun drastis dibanding periode sama tahun sebelumnya, yakni mencapai 1,25 juta ton. Simak artikel selengkapnya di sini * Fakta atau Hoaks? Untuk mengetahui kebenaran informasi yang beredar, silakan WhatsApp ke nomor Cek Fakta Liputan6.com 0811 9787 670 hanya dengan ketik kata kunci yang diinginkan."
https://liputan6.com/read/5110533,"Liputan6.com, Jakarta - Wanita yang sedang haid atau nifas tak boleh melakukan sejumlah ibadah. Di antaranya adalah dua ibadah wajib, yakni sholat dan puasa. Lantas, apakah wanita haid dan nifas masih boleh melakukan ibadah lainnya? Tentu saja hal ini harus dipertimbangkan hal-hal yang dilarang ketika haid atau nifas. Baca Juga Perempuan yang sedang melalui masa nifas dilarang melakukan 8 hal sebagaimana perempuan haidh. Mazhab Asy-Syafi’i menyebutkan 8 larangan yang harus dihindari oleh perempuan nifas dan perempuan haidh. Artinya: Orang haidh dan nifas dilarang melakukan delapan hal: shalat, puasa, membaca Al-Qur’an, menyentuh mushaf, membawa mushaf, masuk masjid, thawaf, hubungan seksual, dan bersenang-senang dengan organ antara pusat dan lutut (Abu Syuja’, Taqrib). Lantas, apakah berzikir juga termasuk hal yang dilarang bagi wanita haid atau nifas? Diketahui, bacaan dzikir banyak mengandung ayat-ayat atau kalam Al-Qur'an. Dilihat dari sudut fiqih, ulama berbeda pendapat perihal ini. Mengutip laman NU, sebagian ulama seperti mazhab Syafi’i menyatakan haram jika dzikir itu diniatkan membaca Alquran. Tetapi jika lafal itu diniatkan dzikir, maka boleh.   Busyet, Wanita Berhazmat Jual Keterangan Bebas Covid-19 kepada Penumpang Bus Wanita yang sedang haid atau nifas juga diperbolehkan menghadiri majelis taklim tanpa bersuci. Keduanya boleh ikut berdzikir apa saja tanpa menyentuh tulisannya. Untuk bacaan yang terkait ayat Al-Qur'an, keduanya boleh membacanya dengan niat dzikir, bukan niat membaca Al-Qur'an. Kalau majelis taklim diselenggarakan di dalam masjid, maka ulama berbeda pendapat perihal kebolehan masuknya orang junub ke dalam masjid. Ulama Syafiiyah mengharamkannya. Sementara ulama mazhab Hanbali membolehkannya sebagaimana diterangkan oleh Syekh Nawawi al-Bantani dalam kitabnya Nihayatuz Zain: Artinya, “Madzhab Imam Ahmad membolehkan orang junub berdiam di masjid hanya dengan berwudhu tanpa darurat sekalipun. Pendapat ini boleh diikuti,” (Lihat Syekh M Nawawi Al-Bantani, Nihayatuz Zain fi Irsyadil Mubtadi’in, جBeirut, Darul Fikr], halaman 34). Boleh dibilang bahwa haid dan nifas bukan alasan untuk libur beraktivitas, termasuk kegiatan perkumpulan majelis taklim. Karena, kaum ibu sangat baik terlibat dalam kegiatan yang menyangkut maslahat umum, terlebih lagi perkumpulan majelis taklim. Perkumpulan ini punya catatan tersendiri di sisi Allah SWT. Tim Rembulan * Fakta atau Hoaks? Untuk mengetahui kebenaran informasi yang beredar, silakan WhatsApp ke nomor Cek Fakta Liputan6.com 0811 9787 670 hanya dengan ketik kata kunci yang diinginkan. Advertisement"
https://liputan6.com/read/5110534,"Liputan6.com, Pontianak - Masyarakat Dayak Benawan di Kabupaten Sanggau, Kalimantan Barat, memiliki ritual khusus tolak bala penyakit. Ritual yang disebut nyapet ini dilakukan jika ada wabah luar biasa melanda lingkungan mereka. Ritual ini adalah cara, adat, penanganan cepat, serta bentuk berserah diri kepada Tuhan, atau mereka biasa menyebut Tuhan dengan Jubata. Ritual ini juga merupakan respon terhadap rasa cemas dan takut masyarakat setempat. Umumnya, ritual ini dilakukan dengan berdiam diri di rumah selama tiga hari tiga malam, seperti dikutip dari 'Ritual Nyapet pada Suku Dayak Benawan Sebagai Respon Terhadap Wabah' oleh Nikodemus Niko, dalam Buku Menolak Wabah (Suara-Suara Dari Manuscript, Relief, Khazanah Rempah dan Ritual Nusantara).  Aturan tersebut berlaku untuk semua penduduk di desa yang melakukan nyapet. Mereka dilarang untuk beraktivitas di luar rumah, termasuk memetik atau melayukan daun kayu dan rumput. Aktivitas luar rumah yang diperbolehkan hanya untuk keperluan mandi atau mengambil air di sungai.  Baca Juga  Selama ritual ini dilaksanakan, penduduk di kampung sekitar yang tidak melaksanakan nyapet tidak diperbolehkan untuk ikut campur. Ritual ini juga identik dengan kain kuning yang diletakkan pada setiap rumah. Kain tersebut difungsikan sebagai simbol bahwa siapapun tidak boleh bertamu di rumah warga selama tiga hari tiga malam. Apabila terjadi pelanggaran, maka orang yang bertamu dan warga yang menerima tamu akan dikenakan denda adat. Denda adat ini dimaksudkan untuk menyelesaikan perkara antara kekuatan atau makhluk gaib dengan manusia yang dianggap sebagai pelanggar adat Dayak. Hal tersebut dilakukan untuk mengembalikan situasi aman, damai, dan sejahtera. Seluruh warga yang sedang melakukan ritual nyapet juga tidak diperkenankan untuk memasak daging, seperti rusa, babi, ikan, udang, maupun kepiting. Mereka hanya boleh memasak sayur yang diambil dari kebun sehari sebelum ritual dimulai.   Tiga siswa SMA Negeri 2 Negeri Palangkaraya berhasil menemukan obat penyembuh kanker dari pohon bajakah. Berkat penemuan ini mereka berhasil meriah medali emas pada ajang kompetisi tingkat dunia di Seoul, Korea Selatan. Saat ritual ini dilaksanakan, situasi kampung harus hening dan sepi. Begitu pula suasana di dalam rumah di mana cara berkomunikasinya disampaikan dengan suara yang pelan. Sementara itu, suara mesin, listrik, dan musik juga dilarang oleh pesirah adat. Ritual ini dimulai dengan melakukan pembacaan mantra dan dilengkapi dengan sesaji utama. Sesaji utama biasanya berupa ayam jantan, ayam betina, dan babi. Sesaji tersebut dilengkapi dengan nasi purut, nasi kaleng, ubi ungu, telur ayam kampung, uwai, apoh gamber, daun bakek, langak, rokok daun, tembakau, arak atau tuak, air putih, dan uang logam. Semua sesaji ini diletakkan di atas ancak, yakni bambu yang dianyam dan dialasi daun pisang. Nasi purut dan nasi kaleng dibentuk seperti gunung agak memanjang ke atas. Nasi-nasi ini ditaburi langak di atasnya. Selanjutnya, daun bukek, uwai, dan apoh gamber digulung menjadi satu lalu diikat di atas tali ancak. Arak atau tuak dan air putih disimpan di dalam bambu kecil, lalu disisipkan di atas tali ancak di dekat daun bukek digantung. Adapun daging ayam dan daging babi yang sudah dimasak setengah matang dan diiris-iris diletakkan di atas ancak, tepatnya di dekat nasi purut dan nasi kaleng. Lalu, telur ayam kampung dibelah menjadi dua dan diletakkan di atas ancak. Warga akan bergotong royong untuk mempersiapkan sesaji ini. Ritual ini diselenggarakan selama setengah hari. Mulai pukul 09.00 pagi, para perempuan sudah mempersiapkan sesaji, sementara laki-laki mulai berkumpul pukul 13.00 untuk begisah-gisah (bercerita) sebelum acara dimulai. Pukul 15.00, para laki-laki berangkat menuju Pedagi. Pedagi merupakan tempat keramat, yakni tempat arwah dan roh gaib akan berkumpul untuk dijamu. Ketika dukun mulai berinteraksi dengan roh gaib, maka tidak ada satupun orang yang boleh berbicara. Usai pembacaan mantra selesai, masyarakat akan pulang ke tempat pasirah adat, lalu setiap orang akan mengambil sumangatnya. Pengambilan sumangat dilakukan oleh dukun dengan perantara nasi purut ditabur langak, kemudian diletakkan di telinga kiri setiap orang yang hadir sambil mengucapkan mantera 'kuuuu semangata'. Setelah itu, mereka akan pulang ke rumah masing-masing dan memulai masa pantangnya. Setelah tiga hari, bendera atau kain kuning akan diturunkan sebagai tanda masa pantang telah berakhir. Menurut masyarakat setempat, ritual ini merupakan cara berdamai dengan alam semesta yang didiami. Tak hanya manusia, tetapi juga berdamai dengan roh leluhur, alam gaib, dan Jubata sebagai penguasa semesta. Hingga saat ini, masyarakat Dayak Benawan mempercayai bahwa ritual ini merupakan ritual penting untuk menolak wabah penyakit. Bahkan, ritual ini juga masih dilakukan saat pandemi covid-19 melanda. Saat pandemi Covid-19, nyapet menjadi ritual tolak bala utama yang dilakukan masyarakat sekitar. Sebelumnya, nyapet juga telah dilakukan pada saat wabah flu burung atau yang mereka sebut sampar ayam pada 2005. (Resla Aknaita Chak) * Fakta atau Hoaks? Untuk mengetahui kebenaran informasi yang beredar, silakan WhatsApp ke nomor Cek Fakta Liputan6.com 0811 9787 670 hanya dengan ketik kata kunci yang diinginkan. Advertisement"
https://liputan6.com/read/5110535,"Fimela.com, Jakarta Tampil sempurna dengan rambut tebal, halus, dan bervolume adalah impian banyak perempuan. Namun sayangnya beberapa masalah rambut tidak terhindarkan dan berakhir dengan mengganggu penampilan. Salah satu masalah rambut yang sering dihadapi adalah rambut lepek. Namun Sabahat Fimela tenang saja, rambut lepek dapat diatasi dengan berbagai cara. Dari memilih sampo yang tepat hingga model rambut yang tepat juga bisa membuat tampilan rambut lebih bervolume.  Berikut ini adalah 4 cara yang bisa kamu lakukan untuk mengatasi rambut lepek. Advertisement Memijat kulit kepala dapat mengurangi stres dan ketegangan sebab peredaran darah akan berjalan lancar. Namun selain itu dengan rutin memijat kulit kepala bisa atasi masalah rambut lepek, loh. Gunakan metode memijat dari bawah ke atas sehingga akar rambut lebih terangkat dan membuat rambut tampak lebih bervolume. Jika selama ini kamu hanya asal-asalan memilih sampo hanya untuk sekadar membersihkan rambut maka sudah saat kamu lebih peduli kegunaan khususnya. Kerucutkan pilihan sampomu sesuai dengan kebutuhan rambut. Untuk rambut lepek sendiri pilih sampo dengan manfaat khusus memberi volume pada rambut dan membuatnya lebih tebal. Saat berkeramas juga usahakan untuk benar-benar memastikan bahwa rambut sudah terbilas bersih. Sisa sampo yang tersisa bisa membuat kulit kepala kotor dan berminyak, yang mana adalah salah satu alasan rambut menjadi lepek. Advertisement Salah satu tips ini bisa banget Sahabat Fimela gunakan saat ingin membuat rambut bervolume dalam waktu yang instan. Setelah membersihkan rambut dengan berkeramas, jangan lupa gunakan serum rambut juga untuk menutrisi rambut hingga ke akar, kemudian arahkan rambut ke depan sehingga menjuntai ke depan wajah. Keringkan rambut dari belakang. Cara ini dipercaya efektif akan membuat rambut lebih berisi setelah disisir nantinya. Model rambut juga bisa mempengaruhi tampilan volume rambut. Rambut lurus dan panjang lebih sering terlihat lepek daripada rambut pendek atau rambut dengan model keriting. Kamu bisa mengganti model rambut menjadi agak keriting agar tampak lebih berisi. Bisa juga dengan memotong rambut lebih pendek agar tidak terlalu memberi beban pada rambut dan memberi kesan bervolume.  Cara di atas bisa langsung kamu aplikasikan ke rambut lepek agar tampak lebih berisi, tebal, dan mengembang cantik.  Penulis: Malichatus Sa’diyah"
https://liputan6.com/read/5110536,"Liputan6.com, Jakarta - Partai NasDem sudah memberikan kewengan kepada mantan Gubernur DKI Jakarta Anies Baswedan untuk memilih sosok Calon Wakil Presiden (Cawapres) yang akan mendampinginyadi Pemilihan Presiden (Pilpres) 2024 mendatang. Muncul dua nama kandidat kuat yang keluar dari partai politik (parpol) calon mitra koalisi NasDem, yakni Ketua Umum Partai Demokrat Agus Harimurti Yudhono (AHY) dan Mantan Gubernur Jawa Barat Ahmad Heryawan (Aher) yang merupakan kader Partai Keadilan Sejahtera (PKS).  Baca Juga  Anies mengatakan, proses penentuan cawapes idamannya masih sangat panjang. Karena itu, dia mengaku saat ini masih belum bisa menentukan siapa dari kedua nama tersebut yang layak mendampinginya. ""Masih panjang (proses menentukan cawapres),"" kata Anies saat ditemui wartawan di Hotel Kempinski, Jakarta, Jumat (28/10/2022). Mantan Menteri Pendidikan dan Kebudayaan (Mendikbud) ini juga belum bisa memutuskan apakah AHY dan Aher masuk dalam kriteria cawapres yang dia idam-idamkan. Sebab, proses komunikasi masih terus berjalan. ""Nanti ya (keputusan cawapres),"" ucapnya singkat. Sebelumnya, Anies mengungkapkan dirinya memiliki tiga kriteria sosok Cawapres yang akan duet bareng di Pilpres 2024 mendatang. ""Kita lihat tiga kriteria. Satu memberikan kontribusi dalam kemenangan,"" kata Anies usai menghadiri acara NasDem Memanggil di Kantor DPP NasDem, Jakarta Pusat pada Senin (17/10/2022) malam lalu. Selain berkontribusi menang, menurut Anies, Cawapres nantinya harus memperkuat koalisi serta membantu pemerintahan. Tiga faktor itu menjadi pertimbangan untuk memilih Cawapres. ""Kedua membantu memperkuat koalisi stabilitas koalisi. Ketiga bisa membantu dalam pemerintahan yang efektif. Tiga pertimbangan itu yang menjadi faktor. Nama belum ada,"" ujar Anies.   Partai Nasdem mengumumkan bakal calon presiden yang akan diusungnya, dalam Pilpres 2024 mendatang. Partai Nasdem akhirnya menjatuhkan pilihan pada Gubernur DKI Jakarta, Anies Baswedan. Ketua Umum Partai NasDem Surya Paloh menyerahkan sepenuhnya kepada Anies Baswedan untuk memilih calon wakil presiden. Sebagai bakal calon presiden yang diusung NasDem, Anies memiliki otoritas penuh untuk mencari wakilnya. ""Soal cawapres kalau NasDem ya sudah kasih otoritas sama bung Anies,"" ujar Paloh ketika deklarasi Anies sebagai calon presiden di NasDem Tower, Jakarta, Senin (3/10/2022). Dia menyebut NasDem tidak ingin memaksa kehendak untuk mencari calon wakil presiden untuk Anies. Karena kalau wakilnya tidak cocok, hanya cari penyakit. ""Bagaimana kita tiba-tiba pilih cawapres yang enggak cocok sama dia. Itu namanya cari penyakit,"" kata Paloh.   Reporter: Alma Fikhasari Merdeka.com * Fakta atau Hoaks? Untuk mengetahui kebenaran informasi yang beredar, silakan WhatsApp ke nomor Cek Fakta Liputan6.com 0811 9787 670 hanya dengan ketik kata kunci yang diinginkan. Advertisement"
https://liputan6.com/read/5110537,"Liputan6.com, Paris - Ganda campuran muda Rehan Naufal Kusharjanto/Lisa Ayu Kusumawati tampil luar biasa pada perempat final French Open 2022. Mereka mengalahkan jagoan tuan rumah Thom Gicquel/Delphine Delrue 14-21, 21-15, 21-17 di Stade Pierre de Coubertin, Paris, Jumat (28/10/2022). Rehan/Lisa kesulitan membendung Gicquel/Delrue yang langsung memimpin 4-0 pada awal pertandingan. Meski mampu bangkit dan balik unggul setelah memetik lima angka beruntun, keduanya kembali tidak berdaya meredam lawan. Baca Juga Gicquel/Delrue perlahan membangun keunggulan 11-6, 14-10, hingga 19-12. Di titik itu mereka tanpa kesulitan mengamankan gim pertama. Duel sengit hadir di gim selanjutnya. Kedua pasangan bergantian berebut poin hingga terkunci 5-5. Gicquel/Delrue lalu melenggang 9-6, tapi Rehan/Lisa pantang menyerah dan memimpin 11-10 pada interval. Selepasnya Rehan/Lisa memperbesar keunggulan hingga 17-11. Dengan se